Job ID,Dataset,Preserve order,Parallelism,Num cpus preprocess,Num cpus inference,Batch size preprocess,Batch size inference,Concurrency,Repetitions,Dataset size (bytes),Num records dataset,Num blocks dataset,Total time,Throughput (img/sec),Total time w/o metadata fetching,Throughput w/o metadata fetching (img/sec)
4000000,2024-02-15_22h39m22s,False,-1,5.5,5.5,8,8,1,1,1132208,6388,60,458.7509253025055,13.924767553956826,379.1389389038086,16.848704642338785
4000000,2024-02-15_22h39m22s,False,-1,5.5,5.5,8,8,4,1,1132208,6388,60,105.82964396476746,60.36115931871298,104.46163034439088,61.15163987906309
4000000,2024-02-15_22h39m22s,False,-1,5.5,5.5,8,16,1,1,1132208,6388,60,399.6651344299317,15.98338070973246,397.9244382381439,16.053299034066875
4000000,2024-02-15_22h39m22s,False,-1,5.5,5.5,8,16,4,1,1132208,6388,60,122.08675599098206,52.32344776588093,120.5364155769348,52.996432401150415
4000000,2024-02-15_22h39m22s,False,-1,5.5,5.5,8,32,1,1,1132208,6388,60,482.8835861682892,13.228861330096496,481.24245262146,13.27397440770823
4000000,2024-02-15_22h39m22s,False,-1,5.5,5.5,8,32,4,1,1132208,6388,60,129.47149753570557,49.33904466686439,127.82447695732117,49.97477910379297
4000000,2024-02-15_22h39m22s,False,-1,5.5,5.5,8,64,1,1,1132208,6388,60,550.1182823181152,11.61204818185997,548.0680649280548,11.655486624345748
4000000,2024-02-15_22h39m22s,False,-1,5.5,5.5,8,64,4,1,1132208,6388,60,142.7825801372528,44.73935121398842,141.18525552749634,45.24551785618941
4000000,2024-02-15_22h39m22s,False,-1,5.5,5.5,16,8,1,1,1132208,6388,60,452.7864685058594,14.108195461493423,450.6581070423126,14.174825439011189
4000000,2024-02-15_22h39m22s,False,-1,5.5,5.5,16,8,4,1,1132208,6388,60,109.82760524749756,58.16388316584506,108.26606059074402,59.00279335134624
4000000,2024-02-15_22h39m22s,False,-1,5.5,5.5,16,16,1,1,1132208,6388,60,477.3914330005646,13.381052860226852,475.6073434352875,13.43124762090468
4000000,2024-02-15_22h39m22s,False,-1,5.5,5.5,16,16,4,1,1132208,6388,60,128.0068016052246,49.9035982455113,126.44244170188904,50.52101109420892
4000000,2024-02-15_22h39m22s,False,-1,5.5,5.5,16,32,1,1,1132208,6388,60,520.2097570896149,12.279662026599704,518.5285861492157,12.319475089000669
4000000,2024-02-15_22h39m22s,False,-1,5.5,5.5,16,32,4,1,1132208,6388,60,125.64175724983215,50.84296924706164,124.0650234222412,51.4891290372724
4000000,2024-02-15_22h39m22s,False,-1,5.5,5.5,16,64,1,1,1132208,6388,60,594.3858544826508,10.747227498474151,592.6112508773804,10.779410601034584
4000000,2024-02-15_22h39m22s,False,-1,5.5,5.5,16,64,4,1,1132208,6388,60,136.1905961036682,46.90485380604001,134.63588190078735,47.44648981990768
4000000,2024-02-15_22h39m22s,False,-1,5.5,5.5,32,8,1,1,1132208,6388,60,390.1027195453644,16.37517422960993,388.3452694416046,16.4492798101679
4000000,2024-02-15_22h39m22s,False,-1,5.5,5.5,32,8,4,1,1132208,6388,60,104.93804574012756,60.874013375658606,103.2699625492096,61.85728978991377
4000000,2024-02-15_22h39m22s,False,-1,5.5,5.5,32,16,1,1,1132208,6388,60,398.8876028060913,16.014536313141218,397.1151134967804,16.086015824859285
4000000,2024-02-15_22h39m22s,False,-1,5.5,5.5,32,16,4,1,1132208,6388,60,112.93642783164978,56.56279486298574,111.32878565788268,57.37958931511703
4000000,2024-02-15_22h39m22s,False,-1,5.5,5.5,32,32,1,1,1132208,6388,60,509.28497838974,12.543075627711646,507.4952869415283,12.587309014233272
4000000,2024-02-15_22h39m22s,False,-1,5.5,5.5,32,32,4,1,1132208,6388,60,119.15899157524107,53.60904716927213,117.56589889526369,54.33548384375387
4000000,2024-02-15_22h39m22s,False,-1,5.5,5.5,32,64,1,1,1132208,6388,60,503.3515696525574,12.690930922117458,501.5815644264221,12.735715291499847
4000000,2024-02-15_22h39m22s,False,-1,5.5,5.5,32,64,4,1,1132208,6388,60,141.65940594673157,45.0940758738046,140.02870392799375,45.61921820889571
4000000,2024-02-15_22h39m22s,False,-1,5.5,5.5,64,8,1,1,1132208,6388,60,376.8455526828766,16.95124157502168,375.1714532375336,17.026881829294044
4000000,2024-02-15_22h39m22s,False,-1,5.5,5.5,64,8,4,1,1132208,6388,60,100.571284532547,63.51713642409239,98.99880766868591,64.52602966066402
4000000,2024-02-15_22h39m22s,False,-1,5.5,5.5,64,16,1,1,1132208,6388,60,464.9413366317749,13.739367736749935,463.1854071617127,13.79145348974638
4000000,2024-02-15_22h39m22s,False,-1,5.5,5.5,64,16,4,1,1132208,6388,60,108.76079821586607,58.73439791533375,107.2044620513916,59.587072009537486
4000000,2024-02-15_22h39m22s,False,-1,5.5,5.5,64,32,1,1,1132208,6388,60,432.9848477840424,14.753403110277224,431.3111176490784,14.810654626337222
4000000,2024-02-15_22h39m22s,False,-1,5.5,5.5,64,32,4,1,1132208,6388,60,118.32751369476318,53.98575361330113,116.7634253501892,54.708912322857344
4000000,2024-02-15_22h39m22s,False,-1,5.5,5.5,64,64,1,1,1132208,6388,60,516.0859372615814,12.377783502289468,514.3931450843811,12.41851696711882
4000000,2024-02-15_22h39m22s,False,-1,5.5,5.5,64,64,4,1,1132208,6388,60,130.43180751800537,48.97578375672033,128.8030436038971,49.5951013366172
4000000,2024-02-15_22h39m22s,False,50,5.5,5.5,8,8,1,1,1130888,6388,50,341.7957272529602,18.689525616194416,340.09971618652344,18.782726641549388
4000000,2024-02-15_22h39m22s,False,50,5.5,5.5,8,8,4,1,1130888,6388,50,102.8944640159607,62.08302906373186,101.33088397979736,63.04099746404654
4000000,2024-02-15_22h39m22s,False,50,5.5,5.5,8,16,1,1,1130888,6388,50,428.40037655830383,14.911284745639374,426.6796188354492,14.971420517893447
4000000,2024-02-15_22h39m22s,False,50,5.5,5.5,8,16,4,1,1130888,6388,50,119.19262838363647,53.59391840441187,117.54010915756226,54.34740571354158
4000000,2024-02-15_22h39m22s,False,50,5.5,5.5,8,32,1,1,1130888,6388,50,492.6328718662262,12.967059984853494,490.8589339256287,13.013922246279952
4000000,2024-02-15_22h39m22s,False,50,5.5,5.5,8,32,4,1,1130888,6388,50,124.19463276863098,51.43539505366997,122.55260467529295,52.12455514042488
4000000,2024-02-15_22h39m22s,False,50,5.5,5.5,8,64,1,1,1130888,6388,50,488.5430397987366,13.075613568523345,486.8095192909241,13.122175608448698
4000000,2024-02-15_22h39m22s,False,50,5.5,5.5,8,64,4,1,1130888,6388,50,132.6740415096283,48.14807725244743,131.0076041221619,48.76052838920192
4000000,2024-02-15_22h39m22s,False,50,5.5,5.5,16,8,1,1,1130888,6388,50,360.9163913726807,17.69939008783832,359.18018794059753,17.78494531289813
4000000,2024-02-15_22h39m22s,False,50,5.5,5.5,16,8,4,1,1130888,6388,50,103.55205726623537,61.68877923474052,101.97851896286012,62.64064299979162
4000000,2024-02-15_22h39m22s,False,50,5.5,5.5,16,16,1,1,1130888,6388,50,433.5899071693421,14.732815257863267,431.82210898399353,14.793128621945538
4000000,2024-02-15_22h39m22s,False,50,5.5,5.5,16,16,4,1,1130888,6388,50,120.76024436950684,52.89820365429,119.1298155784607,53.62217652215509
4000000,2024-02-15_22h39m22s,False,50,5.5,5.5,16,32,1,1,1130888,6388,50,424.695974111557,15.041348139368122,423.0021195411682,15.101579176314967
4000000,2024-02-15_22h39m22s,False,50,5.5,5.5,16,32,4,1,1130888,6388,50,117.1649866104126,54.52140767310335,115.57008051872252,55.27382148847023
4000000,2024-02-15_22h39m22s,False,50,5.5,5.5,16,64,1,1,1130888,6388,50,443.2690732479096,14.411111411842954,441.5340657234192,14.46773985498437
4000000,2024-02-15_22h39m22s,False,50,5.5,5.5,16,64,4,1,1130888,6388,50,142.4437530040741,44.84577150826189,140.82546639442444,45.36111374989853
4000000,2024-02-15_22h39m22s,False,50,5.5,5.5,32,8,1,1,1130888,6388,50,383.21426033973694,16.6695258008842,381.44742822647095,16.746737629614717
4000000,2024-02-15_22h39m22s,False,50,5.5,5.5,32,8,4,1,1130888,6388,50,101.8949737548828,62.69200299680029,100.31734776496889,63.67791954554354
4000000,2024-02-15_22h39m22s,False,50,5.5,5.5,32,16,1,1,1130888,6388,50,422.9105763435364,15.10484806322492,421.21744775772095,15.165563615670305
4000000,2024-02-15_22h39m22s,False,50,5.5,5.5,32,16,4,1,1130888,6388,50,111.07251977920532,57.5119751735023,109.537006855011,58.31819020265449
4000000,2024-02-15_22h39m22s,False,50,5.5,5.5,32,32,1,1,1130888,6388,50,391.9362080097199,16.298570709857916,390.2242140769959,16.370075893700363
4000000,2024-02-15_22h39m22s,False,50,5.5,5.5,32,32,4,1,1130888,6388,50,117.89914774894714,54.181901412913696,116.28307437896729,54.93490806049268
4000000,2024-02-15_22h39m22s,False,50,5.5,5.5,32,64,1,1,1130888,6388,50,437.4154131412506,14.6039664083286,435.7219762802124,14.660724837738924
4000000,2024-02-15_22h39m22s,False,50,5.5,5.5,32,64,4,1,1130888,6388,50,129.1504683494568,49.46168667941085,127.46337509155272,50.11635691752012
4000000,2024-02-15_22h39m22s,False,50,5.5,5.5,64,8,1,1,1130888,6388,50,360.96500182151794,17.697006545688875,359.3268575668335,17.77768587423737
4000000,2024-02-15_22h39m22s,False,50,5.5,5.5,64,8,4,1,1130888,6388,50,102.20043230056764,62.50462797665212,100.60979866981506,63.49282161834329
4000000,2024-02-15_22h39m22s,False,50,5.5,5.5,64,16,1,1,1130888,6388,50,398.154837846756,16.044009497778973,396.45837116241455,16.112662676967588
4000000,2024-02-15_22h39m22s,False,50,5.5,5.5,64,16,4,1,1130888,6388,50,114.34725499153136,55.86491779337509,112.73633432388306,56.66318705775685
4000000,2024-02-15_22h39m22s,False,50,5.5,5.5,64,32,1,1,1130888,6388,50,420.93510222435,15.175736036847134,419.2483320236206,15.23679287921436
4000000,2024-02-15_22h39m22s,False,50,5.5,5.5,64,32,4,1,1130888,6388,50,121.97636103630066,52.37080320914726,120.63102650642396,52.9548672924525
4000000,2024-02-15_22h39m22s,False,50,5.5,5.5,64,64,1,1,1130888,6388,50,446.4674470424652,14.307874050652597,444.7304127216339,14.363757946993347
4000000,2024-02-15_22h39m22s,False,50,5.5,5.5,64,64,4,1,1130888,6388,50,149.60905599594116,42.697950050385344,132.67715525627136,48.1469472846423
4000000,2024-02-15_22h39m22s,False,100,5.5,5.5,8,8,1,1,1137488,6388,100,415.46927547454834,15.375384840921477,413.7426855564117,15.439547871182915
4000000,2024-02-15_22h39m22s,False,100,5.5,5.5,8,8,4,1,1137488,6388,100,114.98040199279784,55.55729401955067,113.40688681602478,56.32814883952315
4000000,2024-02-15_22h39m22s,False,100,5.5,5.5,8,16,1,1,1137488,6388,100,428.2302339076996,14.917209235107077,426.5636878013611,14.97548943494392
4000000,2024-02-15_22h39m22s,False,100,5.5,5.5,8,16,4,1,1137488,6388,100,120.49526047706604,53.01453330785432,118.90217900276184,53.72483543679734
4000000,2024-02-15_22h39m22s,False,100,5.5,5.5,8,32,1,1,1137488,6388,100,408.2060079574585,15.648961248668662,406.4213891029358,15.717676705204331
4000000,2024-02-15_22h39m22s,False,100,5.5,5.5,8,32,4,1,1137488,6388,100,121.35039925575256,52.64094753027506,119.76989150047302,53.335608139669816
4000000,2024-02-15_22h39m22s,False,100,5.5,5.5,8,64,1,1,1137488,6388,100,507.7255773544312,12.581599755689853,506.0762605667114,12.622603543676652
4000000,2024-02-15_22h39m22s,False,100,5.5,5.5,8,64,4,1,1137488,6388,100,137.64617228507996,46.40884591232779,136.06925201416016,46.94668270341655
4000000,2024-02-15_22h39m22s,False,100,5.5,5.5,16,8,1,1,1137488,6388,100,402.8062467575073,15.858741147690363,401.1011791229248,15.92615612342112
4000000,2024-02-15_22h39m22s,False,100,5.5,5.5,16,8,4,1,1137488,6388,100,111.53519344329834,57.27340225798324,109.94027876853944,58.10427326138447
4000000,2024-02-15_22h39m22s,False,100,5.5,5.5,16,16,1,1,1137488,6388,100,448.5278985500336,14.24214640973423,446.8881342411041,14.294405043552937
4000000,2024-02-15_22h39m22s,False,100,5.5,5.5,16,16,4,1,1137488,6388,100,111.67342376708984,57.2025087483934,110.087486743927,58.026576761253885
4000000,2024-02-15_22h39m22s,False,100,5.5,5.5,16,32,1,1,1137488,6388,100,489.5127511024475,13.049711137479829,471.9156987667084,13.536315949425342
4000000,2024-02-15_22h39m22s,False,100,5.5,5.5,16,32,4,1,1137488,6388,100,126.18536972999571,50.62393535533223,124.58323240280151,51.27495792809717
4000000,2024-02-15_22h39m22s,False,100,5.5,5.5,16,64,1,1,1137488,6388,100,526.00754570961,12.144312476320607,524.3233623504639,12.183321321719374
4000000,2024-02-15_22h39m22s,False,100,5.5,5.5,16,64,4,1,1137488,6388,100,163.2708923816681,39.12516129983031,146.01077437400818,43.75019602072015
4000000,2024-02-15_22h39m22s,False,100,5.5,5.5,32,8,1,1,1137488,6388,100,385.3655297756195,16.576469627990434,383.7040600776672,16.64824708580612
4000000,2024-02-15_22h39m22s,False,100,5.5,5.5,32,8,4,1,1137488,6388,100,106.61139392852785,59.91854870861653,105.0603723526001,60.80313496853798
4000000,2024-02-15_22h39m22s,False,100,5.5,5.5,32,16,1,1,1137488,6388,100,410.7989106178284,15.550187293322304,409.10713601112366,15.614491749726678
4000000,2024-02-15_22h39m22s,False,100,5.5,5.5,32,16,4,1,1137488,6388,100,115.48160600662231,55.31616870338362,113.84715867042542,56.11031557223605
4000000,2024-02-15_22h39m22s,False,100,5.5,5.5,32,32,1,1,1137488,6388,100,465.7478933334351,13.715574651943184,464.0861196517944,13.764686616339528
4000000,2024-02-15_22h39m22s,False,100,5.5,5.5,32,32,4,1,1137488,6388,100,136.3327910900116,46.85593208300432,134.78652215003967,47.39346262595232
4000000,2024-02-15_22h39m22s,False,100,5.5,5.5,32,64,1,1,1137488,6388,100,540.8582198619843,11.810858678694178,539.2064859867096,11.8470385019765
4000000,2024-02-15_22h39m22s,False,100,5.5,5.5,32,64,4,1,1137488,6388,100,142.01280450820923,44.981859362060085,140.39827346801758,45.4991350121921
4000000,2024-02-15_22h39m22s,False,100,5.5,5.5,64,8,1,1,1137488,6388,100,406.5071165561676,15.71436203655579,404.8458774089813,15.77884413911605
4000000,2024-02-15_22h39m22s,False,100,5.5,5.5,64,8,4,1,1137488,6388,100,107.26566433906557,59.553073570752375,105.69678139686584,60.43703427462569
4000000,2024-02-15_22h39m22s,False,100,5.5,5.5,64,16,1,1,1137488,6388,100,436.58032751083374,14.631900700659678,434.8698151111603,14.689453666419952
4000000,2024-02-15_22h39m22s,False,100,5.5,5.5,64,16,4,1,1137488,6388,100,117.84301567077635,54.20770983871,116.2624716758728,54.94464299545474
4000000,2024-02-15_22h39m22s,False,100,5.5,5.5,64,32,1,1,1137488,6388,100,444.9067964553833,14.358063421134116,443.252103805542,14.411663126143814
4000000,2024-02-15_22h39m22s,False,100,5.5,5.5,64,32,4,1,1137488,6388,100,124.4379608631134,51.33481741176271,122.85816717147829,51.99491533260464
4000000,2024-02-15_22h39m22s,False,100,5.5,5.5,64,64,1,1,1137488,6388,100,530.1345086097717,12.049772079074677,528.4538116455078,12.088095230326648
4000000,2024-02-15_22h39m22s,False,100,5.5,5.5,64,64,4,1,1137488,6388,100,135.67728996276855,47.082308334378894,133.95657110214233,47.687097000483305
4000000,2024-02-15_22h39m22s,False,200,5.5,5.5,8,8,1,1,1150688,6388,200,419.1483314037323,15.240428080929057,417.4243628978729,15.303371263844724
4000000,2024-02-15_22h39m22s,False,200,5.5,5.5,8,8,4,1,1150688,6388,200,119.19522976875304,53.59274873997189,117.624338388443,54.30848825609755
4000000,2024-02-15_22h39m22s,False,200,5.5,5.5,8,16,1,1,1150688,6388,200,440.1218142509461,14.514163563721311,438.4619715213776,14.569108417395665
4000000,2024-02-15_22h39m22s,False,200,5.5,5.5,8,16,4,1,1150688,6388,200,121.4196720123291,52.61091464117408,120.03993272781372,53.21562462455359
4000000,2024-02-15_22h39m22s,False,200,5.5,5.5,8,32,1,1,1150688,6388,200,435.3219184875488,14.67419794113287,433.63256192207336,14.731366047985958
4000000,2024-02-15_22h39m22s,False,200,5.5,5.5,8,32,4,1,1150688,6388,200,127.98665952682497,49.91145189363371,126.380854845047,50.54563056906204
4000000,2024-02-15_22h39m22s,False,200,5.5,5.5,8,64,1,1,1137488,6388,100,552.1710832118988,11.568878186887176,550.4419641494751,11.60521983433899
4000000,2024-02-15_22h39m22s,False,200,5.5,5.5,8,64,4,1,1137488,6388,100,137.45462918281555,46.47351666493472,135.78176474571228,47.04608171769782
4000000,2024-02-15_22h39m22s,False,200,5.5,5.5,16,8,1,1,1150688,6388,200,429.5737009048462,14.87055652276765,427.8761909008026,14.929552370164416
4000000,2024-02-15_22h39m22s,False,200,5.5,5.5,16,8,4,1,1150688,6388,200,121.37881636619568,52.62862327416034,119.8240180015564,53.31151555873403
4000000,2024-02-15_22h39m22s,False,200,5.5,5.5,16,16,1,1,1150688,6388,200,469.856730222702,13.595633709391,468.13697838783264,13.64557874064757
4000000,2024-02-15_22h39m22s,False,200,5.5,5.5,16,16,4,1,1150688,6388,200,125.82065320014954,50.77067903818837,124.23289155960084,51.41955499711887
4000000,2024-02-15_22h39m22s,False,200,5.5,5.5,16,32,1,1,1150688,6388,200,501.59541153907776,12.735363707573171,499.7711319923401,12.781850713413972
4000000,2024-02-15_22h39m22s,False,200,5.5,5.5,16,32,4,1,1150688,6388,200,133.09305357933044,47.99649439399493,131.4533622264862,48.59518152904953
4000000,2024-02-15_22h39m22s,False,200,5.5,5.5,16,64,1,1,1137488,6388,100,554.2168703079224,11.526173854020058,552.5300340652466,11.56136247110444
4000000,2024-02-15_22h39m22s,False,200,5.5,5.5,16,64,4,1,1137488,6388,100,149.65086102485657,42.68602236066635,148.08183407783508,43.13830956903415
4000000,2024-02-15_22h39m22s,False,200,5.5,5.5,32,8,1,1,1150688,6388,200,396.8628861904144,16.096239336764395,395.16622161865234,16.165349289810045
4000000,2024-02-15_22h39m22s,False,200,5.5,5.5,32,8,4,1,1150688,6388,200,113.1138756275177,56.474061776784914,111.48369836807252,57.29985723033244
4000000,2024-02-15_22h39m22s,False,200,5.5,5.5,32,16,1,1,1150688,6388,200,465.20787596702576,13.73149581081638,463.40123462677,13.785030169686506
4000000,2024-02-15_22h39m22s,False,200,5.5,5.5,32,16,4,1,1150688,6388,200,125.62191343307497,50.85100063694863,124.04257225990295,51.498448344133024
4000000,2024-02-15_22h39m22s,False,200,5.5,5.5,32,32,1,1,1150688,6388,200,502.1987295150757,12.720064039525283,500.5292890071869,12.762489908773905
4000000,2024-02-15_22h39m22s,False,200,5.5,5.5,32,32,4,1,1150688,6388,200,136.009122133255,46.96743791744611,134.4076464176178,47.52705794841355
4000000,2024-02-15_22h39m22s,False,200,5.5,5.5,32,64,1,1,1137488,6388,100,540.6994802951813,11.814326132720955,538.9288868904114,11.85314084175074
4000000,2024-02-15_22h39m22s,False,200,5.5,5.5,32,64,4,1,1137488,6388,100,141.21062898635864,45.23738790666459,139.54384684562683,45.777726101150506
4000000,2024-02-15_22h39m22s,False,200,5.5,5.5,64,8,1,1,1137488,6388,100,391.68070936203,16.309202488947648,389.116770029068,16.416665875189086
4000000,2024-02-15_22h39m22s,False,200,5.5,5.5,64,8,4,1,1137488,6388,100,108.49401617050172,58.87882323354184,106.90517210960388,59.75389098528125
4000000,2024-02-15_22h39m22s,False,200,5.5,5.5,64,16,1,1,1137488,6388,100,442.9863874912262,14.420307667188805,441.0329954624176,14.484177070022303
4000000,2024-02-15_22h39m22s,False,200,5.5,5.5,64,16,4,1,1137488,6388,100,121.43906593322754,52.60251263388669,119.90905094146729,53.27370994803599
4000000,2024-02-15_22h39m22s,False,200,5.5,5.5,64,32,1,1,1137488,6388,100,537.3336572647095,11.888330302103236,535.6240916252136,11.926274601684282
4000000,2024-02-15_22h39m22s,False,200,5.5,5.5,64,32,4,1,1137488,6388,100,124.1521861553192,51.45298039301832,122.53546071052553,52.13184789904075
4000000,2024-02-15_22h39m22s,False,200,5.5,5.5,64,64,1,1,1137488,6388,100,538.7030129432678,11.858110770716513,536.9779307842255,11.896205847176423
4000000,2024-02-15_22h39m22s,False,200,5.5,5.5,64,64,4,1,1137488,6388,100,142.94194674491882,44.68947111374832,141.3445966243744,45.1945115169575
5000000,2024-02-15_22h39m22s,False,-1,5.5,5.5,8,8,2,1,1132208,6388,60,186.75416350364685,34.20539537194981,181.6271545886993,35.17095235272411
5000000,2024-02-15_22h39m22s,False,-1,5.5,5.5,8,8,3,1,1132208,6388,60,141.102308511734,45.27211544146194,139.41568684577942,45.81980797516966
5000000,2024-02-15_22h39m22s,False,-1,5.5,5.5,8,8,5,1,1132208,6388,60,87.95630383491516,72.62697181988925,86.3099262714386,74.01234453509082
5000000,2024-02-15_22h39m22s,False,-1,5.5,5.5,8,16,2,1,1132208,6388,60,191.74900579452515,33.31438394442195,190.085554599762,33.6059203102012
5000000,2024-02-15_22h39m22s,False,-1,5.5,5.5,8,16,3,1,1132208,6388,60,147.62219834327698,43.27262479282082,146.01800060272217,43.74803088408341
5000000,2024-02-15_22h39m22s,False,-1,5.5,5.5,8,16,5,1,1132208,6388,60,96.5151662826538,66.18648908806867,94.81983852386476,67.36986794585434
5000000,2024-02-15_22h39m22s,False,-1,5.5,5.5,8,32,2,1,1132208,6388,60,231.58466339111328,27.58386460683532,229.81012225151065,27.796860892875703
5000000,2024-02-15_22h39m22s,False,-1,5.5,5.5,8,32,3,1,1132208,6388,60,163.51346707344055,39.067118533612216,161.90345072746277,39.45561364688344
5000000,2024-02-15_22h39m22s,False,-1,5.5,5.5,8,32,5,1,1132208,6388,60,104.86572599411012,60.91599461542648,103.14679312705994,61.93115468098976
5000000,2024-02-15_22h39m22s,False,-1,5.5,5.5,8,64,2,1,1132208,6388,60,249.2693746089936,25.626894639665547,247.5653920173645,25.803283520145413
5000000,2024-02-15_22h39m22s,False,-1,5.5,5.5,8,64,3,1,1132208,6388,60,196.70588660240173,32.47487968121644,195.06911373138428,32.747367729349804
5000000,2024-02-15_22h39m22s,False,-1,5.5,5.5,8,64,5,1,1132208,6388,60,116.54414129257202,54.81185007801968,114.73736238479614,55.67497689703275
5000000,2024-02-15_22h39m22s,False,-1,5.5,5.5,16,8,2,1,1132208,6388,60,189.3505630493164,33.73636654218051,187.6009075641632,34.05100797721449
5000000,2024-02-15_22h39m22s,False,-1,5.5,5.5,16,8,3,1,1132208,6388,60,138.73135423660278,46.04582745660674,137.19434762001038,46.561685017031145
5000000,2024-02-15_22h39m22s,False,-1,5.5,5.5,16,8,5,1,1132208,6388,60,108.45916366577148,58.89774348330128,90.88621807098389,70.285683963776
5000000,2024-02-15_22h39m22s,False,-1,5.5,5.5,16,16,2,1,1132208,6388,60,202.53451108932487,31.54030375190065,200.78125619888303,31.815718862085376
5000000,2024-02-15_22h39m22s,False,-1,5.5,5.5,16,16,3,1,1132208,6388,60,154.84771990776062,41.253432751900974,153.24577355384827,41.68467326608099
5000000,2024-02-15_22h39m22s,False,-1,5.5,5.5,16,16,5,1,1132208,6388,60,97.43311715126038,65.56292343683234,95.77705597877502,66.69655832202268
5000000,2024-02-15_22h39m22s,False,-1,5.5,5.5,16,32,2,1,1132208,6388,60,228.4194049835205,27.96610034274832,226.62024188041687,28.188126298845027
5000000,2024-02-15_22h39m22s,False,-1,5.5,5.5,16,32,3,1,1132208,6388,60,169.25921392440796,37.740929145830215,167.92434549331665,38.04094028911514
5000000,2024-02-15_22h39m22s,False,-1,5.5,5.5,16,32,5,1,1132208,6388,60,104.27183365821838,61.262948735883455,102.5925076007843,62.265755554562205
5000000,2024-02-15_22h39m22s,False,-1,5.5,5.5,16,64,2,1,1132208,6388,60,247.68815851211548,25.79049413735916,245.96605014801025,25.971063877132703
5000000,2024-02-15_22h39m22s,False,-1,5.5,5.5,16,64,3,1,1132208,6388,60,188.7387204170227,33.84573120918464,187.09827160835263,34.14248536390445
5000000,2024-02-15_22h39m22s,False,-1,5.5,5.5,16,64,5,1,1132208,6388,60,120.31540179252625,53.09378437696253,118.6289520263672,53.84857482834514
5000000,2024-02-15_22h39m22s,False,-1,5.5,5.5,32,8,2,1,1132208,6388,60,178.94433403015137,35.698252390174304,177.2457139492035,36.04036372823506
5000000,2024-02-15_22h39m22s,False,-1,5.5,5.5,32,8,3,1,1132208,6388,60,141.57934856414795,45.11957474578767,139.98965883255005,45.631942053956045
5000000,2024-02-15_22h39m22s,False,-1,5.5,5.5,32,8,5,1,1132208,6388,60,91.37510061264038,69.90963574508301,89.70775556564331,71.20900483710804
5000000,2024-02-15_22h39m22s,False,-1,5.5,5.5,32,16,2,1,1132208,6388,60,201.6490857601165,31.678794753372784,199.93589520454407,31.95024081826212
5000000,2024-02-15_22h39m22s,False,-1,5.5,5.5,32,16,3,1,1132208,6388,60,148.81649613380432,42.92534877488583,147.44357061386108,43.32504953186116
5000000,2024-02-15_22h39m22s,False,-1,5.5,5.5,32,16,5,1,1132208,6388,60,97.78744339942932,65.32536057729963,95.9986822605133,66.54258006026346
5000000,2024-02-15_22h39m22s,False,-1,5.5,5.5,32,32,2,1,1132208,6388,60,213.6111445426941,29.904806763128605,211.875093460083,30.14983920799304
5000000,2024-02-15_22h39m22s,False,-1,5.5,5.5,32,32,3,1,1132208,6388,60,172.67438387870789,36.99448555430862,171.0035059452057,37.35595925177636
5000000,2024-02-15_22h39m22s,False,-1,5.5,5.5,32,32,5,1,1132208,6388,60,110.32199907302856,57.90322921697068,108.65974140167236,58.7890226646691
5000000,2024-02-15_22h39m22s,False,-1,5.5,5.5,32,64,2,1,1132208,6388,60,246.99650835990903,25.8627137784951,245.2505123615265,26.046836512143056
5000000,2024-02-15_22h39m22s,False,-1,5.5,5.5,32,64,3,1,1132208,6388,60,188.2741894721985,33.92923914801016,186.6480824947357,34.224835929831585
5000000,2024-02-15_22h39m22s,False,-1,5.5,5.5,32,64,5,1,1132208,6388,60,154.10587859153748,41.45202024986728,137.22870182991028,46.55002863699521
5000000,2024-02-15_22h39m22s,False,-1,5.5,5.5,64,8,2,1,1132208,6388,60,245.9207854270935,25.975844168299503,243.9530589580536,26.185365444006923
5000000,2024-02-15_22h39m22s,False,-1,5.5,5.5,64,8,3,1,1132208,6388,60,142.50973296165466,44.82500856077549,140.89456820487976,45.338866369291
5000000,2024-02-15_22h39m22s,False,-1,5.5,5.5,64,8,5,1,1132208,6388,60,90.5456428527832,70.55005408030681,88.78302049636841,71.95069467434142
5000000,2024-02-15_22h39m22s,False,-1,5.5,5.5,64,16,2,1,1132208,6388,60,211.5847132205963,30.191217043832125,209.4738569259644,30.495452242795867
5000000,2024-02-15_22h39m22s,False,-1,5.5,5.5,64,16,3,1,1132208,6388,60,168.6192924976349,37.88415848138848,166.93044686317444,38.26743485109078
5000000,2024-02-15_22h39m22s,False,-1,5.5,5.5,64,16,5,1,1132208,6388,60,106.55607986450195,59.949652878775765,104.79169869422913,60.959027094689006
5000000,2024-02-15_22h39m22s,False,-1,5.5,5.5,64,32,2,1,1132208,6388,60,241.6443839073181,26.43554092467589,239.8037886619568,26.63844485378396
5000000,2024-02-15_22h39m22s,False,-1,5.5,5.5,64,32,3,1,1132208,6388,60,180.58859586715693,35.373219274040345,178.89242959022522,35.70860999893896
5000000,2024-02-15_22h39m22s,False,-1,5.5,5.5,64,32,5,1,1132208,6388,60,111.99283528327942,57.03936313284616,110.24023389816284,57.94617603860559
5000000,2024-02-15_22h39m22s,False,-1,5.5,5.5,64,64,2,1,1132208,6388,60,253.727370262146,25.17662951931456,251.9411053657532,25.35513206837082
5000000,2024-02-15_22h39m22s,False,-1,5.5,5.5,64,64,3,1,1132208,6388,60,192.4055907726288,33.20069845345026,190.81663298606875,33.47716548623085
5000000,2024-02-15_22h39m22s,False,-1,5.5,5.5,64,64,5,1,1132208,6388,60,119.19629335403442,53.59227053333355,117.49562239646912,54.36798299127072
5000000,2024-02-15_22h39m22s,False,50,5.5,5.5,8,8,2,1,1130888,6388,50,176.9671938419342,36.09708591359433,175.2997169494629,36.44044674551069
5000000,2024-02-15_22h39m22s,False,50,5.5,5.5,8,8,3,1,1130888,6388,50,134.0046582221985,47.66998464641283,132.60469388961792,48.1732570139445
5000000,2024-02-15_22h39m22s,False,50,5.5,5.5,8,8,5,1,1130888,6388,50,89.40472912788391,71.45035908405526,87.71150183677673,72.82967303293356
5000000,2024-02-15_22h39m22s,False,50,5.5,5.5,8,16,2,1,1130888,6388,50,204.34306025505063,31.261154609443658,202.6980447769165,31.51485751641287
5000000,2024-02-15_22h39m22s,False,50,5.5,5.5,8,16,3,1,1130888,6388,50,149.49757170677185,42.729791039881086,147.90100288391113,43.19105263278032
5000000,2024-02-15_22h39m22s,False,50,5.5,5.5,8,16,5,1,1130888,6388,50,93.41164255142212,68.38547985582711,91.73543286323547,69.63503414785869
5000000,2024-02-15_22h39m22s,False,50,5.5,5.5,8,32,2,1,1130888,6388,50,229.1116909980774,27.88159771407565,227.3679795265197,28.095424928798806
5000000,2024-02-15_22h39m22s,False,50,5.5,5.5,8,32,3,1,1130888,6388,50,169.69307041168213,37.64443641984,167.99505877494812,38.02492791503816
5000000,2024-02-15_22h39m22s,False,50,5.5,5.5,8,32,5,1,1130888,6388,50,111.80382919311523,57.135789052146045,109.51220345497131,58.33139867947764
5000000,2024-02-15_22h39m22s,False,50,5.5,5.5,8,64,2,1,1130888,6388,50,245.75057816505432,25.993835081476817,243.9275324344635,26.188105689612044
5000000,2024-02-15_22h39m22s,False,50,5.5,5.5,8,64,3,1,1130888,6388,50,197.55558109283447,32.33520391913493,195.9072048664093,32.60727447138061
5000000,2024-02-15_22h39m22s,False,50,5.5,5.5,8,64,5,1,1130888,6388,50,113.68510675430298,56.19029776526303,111.93660759925842,57.06801498638878
5000000,2024-02-15_22h39m22s,False,50,5.5,5.5,16,8,2,1,1130888,6388,50,188.66309905052185,33.85929751047588,186.87210369110107,34.1838073945983
5000000,2024-02-15_22h39m22s,False,50,5.5,5.5,16,8,3,1,1130888,6388,50,138.5292842388153,46.11299361792349,136.93019914627075,46.651505948488754
5000000,2024-02-15_22h39m22s,False,50,5.5,5.5,16,8,5,1,1130888,6388,50,91.24274277687071,70.0110475155434,89.44320344924927,71.41962445055536
5000000,2024-02-15_22h39m22s,False,50,5.5,5.5,16,16,2,1,1130888,6388,50,207.89640593528748,30.726841915624128,206.16279983520508,30.98522141291352
5000000,2024-02-15_22h39m22s,False,50,5.5,5.5,16,16,3,1,1130888,6388,50,156.60677576065063,40.79006140681343,154.83109760284424,41.25786162406339
5000000,2024-02-15_22h39m22s,False,50,5.5,5.5,16,16,5,1,1130888,6388,50,92.50951385498048,69.05235725283283,90.78985786437988,70.36028197711543
5000000,2024-02-15_22h39m22s,False,50,5.5,5.5,16,32,2,1,1130888,6388,50,246.06308102607727,25.96082262061497,244.31500673294067,26.14657235109052
5000000,2024-02-15_22h39m22s,False,50,5.5,5.5,16,32,3,1,1130888,6388,50,173.01786017417908,36.92104383656766,171.41555619239807,37.2661626627986
5000000,2024-02-15_22h39m22s,False,50,5.5,5.5,16,32,5,1,1130888,6388,50,105.57070326805116,60.50921138396167,103.8864085674286,61.49023811766291
5000000,2024-02-15_22h39m22s,False,50,5.5,5.5,16,64,2,1,1130888,6388,50,266.1859261989593,23.998263511592725,264.49478101730347,24.151705282918577
5000000,2024-02-15_22h39m22s,False,50,5.5,5.5,16,64,3,1,1130888,6388,50,185.9407067298889,34.355037755555465,184.27120089530945,34.66629602978077
5000000,2024-02-15_22h39m22s,False,50,5.5,5.5,16,64,5,1,1130888,6388,50,118.53188371658324,53.89267258482187,116.88368463516235,54.6526234173686
5000000,2024-02-15_22h39m22s,False,50,5.5,5.5,32,8,2,1,1130888,6388,50,203.73187565803528,31.354936380806123,202.05251574516296,31.615543000992925
5000000,2024-02-15_22h39m22s,False,50,5.5,5.5,32,8,3,1,1130888,6388,50,151.9111289978027,42.05090201187562,150.18381667137146,42.53454294598242
5000000,2024-02-15_22h39m22s,False,50,5.5,5.5,32,8,5,1,1130888,6388,50,102.5929946899414,62.26545993033872,99.8029923439026,64.00609691128436
5000000,2024-02-15_22h39m22s,False,50,5.5,5.5,32,16,2,1,1130888,6388,50,221.128422498703,28.888190526649588,219.37952208518985,29.11848808531637
5000000,2024-02-15_22h39m22s,False,50,5.5,5.5,32,16,3,1,1130888,6388,50,171.3356649875641,37.28353930551269,169.6653118133545,37.650595349904606
5000000,2024-02-15_22h39m22s,False,50,5.5,5.5,32,16,5,1,1130888,6388,50,108.9294114112854,58.643482207764734,107.23173689842224,59.57191578507379
5000000,2024-02-15_22h39m22s,False,50,5.5,5.5,32,32,2,1,1130888,6388,50,226.7427272796631,28.17289920007481,225.05070734024048,28.38471416285029
5000000,2024-02-15_22h39m22s,False,50,5.5,5.5,32,32,3,1,1130888,6388,50,172.35078048706055,37.06394587797986,170.7098183631897,37.42022609624807
5000000,2024-02-15_22h39m22s,False,50,5.5,5.5,32,32,5,1,1130888,6388,50,126.96213364601137,50.31421429802575,110.13333439826964,58.00242074665056
5000000,2024-02-15_22h39m22s,False,50,5.5,5.5,32,64,2,1,1130888,6388,50,260.85844802856445,24.488376927323063,259.1518404483795,24.64964165003654
5000000,2024-02-15_22h39m22s,False,50,5.5,5.5,32,64,3,1,1130888,6388,50,200.7761425971985,31.81652918203408,199.15171551704407,32.076048069258505
5000000,2024-02-15_22h39m22s,False,50,5.5,5.5,32,64,5,1,1130888,6388,50,128.45137858390808,49.73087926671941,126.68498706817628,50.42428584345405
5000000,2024-02-15_22h39m22s,False,50,5.5,5.5,64,8,2,1,1130888,6388,50,196.7496955394745,32.467648717242135,195.0752048492432,32.74634521048811
5000000,2024-02-15_22h39m22s,False,50,5.5,5.5,64,8,3,1,1130888,6388,50,145.86615204811096,43.79357315117937,144.1942596435547,44.301347472437584
5000000,2024-02-15_22h39m22s,False,50,5.5,5.5,64,8,5,1,1130888,6388,50,94.40012240409852,67.66940378164865,92.70657444000244,68.90557696244258
5000000,2024-02-15_22h39m22s,False,50,5.5,5.5,64,16,2,1,1130888,6388,50,212.28427052497864,30.09172551599083,210.60141968727112,30.33217919179153
5000000,2024-02-15_22h39m22s,False,50,5.5,5.5,64,16,3,1,1130888,6388,50,163.28097343444824,39.12274569188899,161.33423805236816,39.594819283966814
5000000,2024-02-15_22h39m22s,False,50,5.5,5.5,64,16,5,1,1130888,6388,50,106.84431910514832,59.7879237146282,105.14390540122986,60.75482906615793
5000000,2024-02-15_22h39m22s,False,50,5.5,5.5,64,32,2,1,1130888,6388,50,224.36722350120544,28.471181754253333,222.54687237739563,28.704065493076044
5000000,2024-02-15_22h39m22s,False,50,5.5,5.5,64,32,3,1,1130888,6388,50,173.8753786087036,36.73895666606035,172.22353887557983,37.09132933689691
5000000,2024-02-15_22h39m22s,False,50,5.5,5.5,64,32,5,1,1130888,6388,50,107.23294639587402,59.571243863964085,105.46471643447876,60.5700201542629
5000000,2024-02-15_22h39m22s,False,50,5.5,5.5,64,64,2,1,1130888,6388,50,255.94515180587769,24.95847237163139,254.2066683769226,25.129159831984627
5000000,2024-02-15_22h39m22s,False,50,5.5,5.5,64,64,3,1,1130888,6388,50,189.03836393356323,33.79208255444401,187.5998773574829,34.05119496867943
5000000,2024-02-15_22h39m22s,False,50,5.5,5.5,64,64,5,1,1130888,6388,50,121.48404836654665,52.58303526999583,119.63963222503662,53.393678007839966
5000000,2024-02-15_22h39m22s,False,100,5.5,5.5,8,8,2,1,1137488,6388,100,200.52725195884705,31.856019257227786,198.82821941375727,32.12823621734854
5000000,2024-02-15_22h39m22s,False,100,5.5,5.5,8,8,3,1,1137488,6388,100,147.2228684425354,43.389998222276105,145.56705045700073,43.88355730191127
5000000,2024-02-15_22h39m22s,False,100,5.5,5.5,8,8,5,1,1137488,6388,100,94.28121447563171,67.75474876441125,92.53377485275269,69.03425273815003
5000000,2024-02-15_22h39m22s,False,100,5.5,5.5,8,16,2,1,1137488,6388,100,212.3170001506805,30.08708674042333,210.5620391368866,30.337852094256903
5000000,2024-02-15_22h39m22s,False,100,5.5,5.5,8,16,3,1,1137488,6388,100,162.84248685836792,39.22809165617789,161.5054647922516,39.55284118848263
5000000,2024-02-15_22h39m22s,False,100,5.5,5.5,8,16,5,1,1137488,6388,100,103.08301043510436,61.96947463056046,101.41664862632751,62.98768581415823
5000000,2024-02-15_22h39m22s,False,100,5.5,5.5,8,32,2,1,1137488,6388,100,264.95396304130554,24.10984884571864,263.2488191127777,24.266015785101526
5000000,2024-02-15_22h39m22s,False,100,5.5,5.5,8,32,3,1,1137488,6388,100,169.72778511047363,37.63673694228751,168.06079697608948,38.01005418835923
5000000,2024-02-15_22h39m22s,False,100,5.5,5.5,8,32,5,1,1137488,6388,100,109.26984453201294,58.4607768717791,107.62449312210084,59.3545187966903
5000000,2024-02-15_22h39m22s,False,100,5.5,5.5,8,64,2,1,1137488,6388,100,265.64697909355164,24.04695141573723,263.9776363372803,24.199019616336543
5000000,2024-02-15_22h39m22s,False,100,5.5,5.5,8,64,3,1,1137488,6388,100,185.39256954193115,34.45661288250927,183.7686905860901,34.761090040021884
5000000,2024-02-15_22h39m22s,False,100,5.5,5.5,8,64,5,1,1137488,6388,100,120.26788854599,53.11475970210663,118.51691246032716,53.89948039811066
5000000,2024-02-15_22h39m22s,False,100,5.5,5.5,16,8,2,1,1137488,6388,100,209.64318871498108,30.47082063173901,207.90662622451785,30.725331443268267
5000000,2024-02-15_22h39m22s,False,100,5.5,5.5,16,8,3,1,1137488,6388,100,149.72008776664734,42.666285434966426,148.00608611106873,43.16038730465605
5000000,2024-02-15_22h39m22s,False,100,5.5,5.5,16,8,5,1,1137488,6388,100,93.123295545578,68.59722868026589,91.38981986045836,69.89837609652511
5000000,2024-02-15_22h39m22s,False,100,5.5,5.5,16,16,2,1,1137488,6388,100,208.8327703475952,30.589068896454258,207.0488793849945,30.852618082138523
5000000,2024-02-15_22h39m22s,False,100,5.5,5.5,16,16,3,1,1137488,6388,100,157.245178937912,40.62445693500271,155.62197971343994,41.04818619942228
5000000,2024-02-15_22h39m22s,False,100,5.5,5.5,16,16,5,1,1137488,6388,100,99.96303701400755,63.90362068636296,98.25085306167604,65.0172471885816
5000000,2024-02-15_22h39m22s,False,100,5.5,5.5,16,32,2,1,1137488,6388,100,245.0757253170013,26.06541301361948,243.3932158946991,26.245595944480577
5000000,2024-02-15_22h39m22s,False,100,5.5,5.5,16,32,3,1,1137488,6388,100,184.76853036880493,34.572987008389966,183.04182028770447,34.89912846124107
5000000,2024-02-15_22h39m22s,False,100,5.5,5.5,16,32,5,1,1137488,6388,100,109.99842643737792,58.07355802163848,108.27847719192503,58.996027333088406
6000000,2024-02-15_22h39m22s,False,200,5.5,5.5,8,8,2,1,1150688,6388,200,212.3408019542694,30.0837142047516,207.09887146949768,30.84517049597177
6000000,2024-02-15_22h39m22s,False,200,5.5,5.5,8,8,3,1,1150688,6388,200,153.43644404411316,41.63287307520919,151.785315990448,42.08575749449969
6000000,2024-02-15_22h39m22s,False,200,5.5,5.5,8,8,5,1,1150688,6388,200,95.63726115226746,66.7940499658333,93.91336345672607,68.02013861364361
6000000,2024-02-15_22h39m22s,False,200,5.5,5.5,8,16,2,1,1150688,6388,200,227.14678835868835,28.12278371249821,225.4555878639221,28.333739964145824
6000000,2024-02-15_22h39m22s,False,200,5.5,5.5,8,16,3,1,1150688,6388,200,170.3090784549713,37.50827646976522,168.61609721183777,37.8848763886081
6000000,2024-02-15_22h39m22s,False,200,5.5,5.5,8,16,5,1,1150688,6388,200,102.91940641403198,62.067983314068776,101.252210855484,63.08998041650183
6000000,2024-02-15_22h39m22s,False,200,5.5,5.5,8,32,2,1,1150688,6388,200,249.5594654083252,25.597105641928096,247.81769394874573,25.77701332868178
6000000,2024-02-15_22h39m22s,False,200,5.5,5.5,8,32,3,1,1150688,6388,200,186.1113681793213,34.32353467975723,183.5448341369629,34.80348564445684
6000000,2024-02-15_22h39m22s,False,200,5.5,5.5,8,32,5,1,1150688,6388,200,109.24127316474916,58.476066919927945,107.57039093971252,59.384370961151696
6000000,2024-02-15_22h39m22s,False,200,5.5,5.5,8,64,2,1,1137488,6388,100,265.921927690506,24.02208819512881,264.17577505111694,24.180869721169355
6000000,2024-02-15_22h39m22s,False,200,5.5,5.5,8,64,3,1,1137488,6388,100,200.424830198288,31.872298425699583,198.71121668815613,32.14715357525536
6000000,2024-02-15_22h39m22s,False,200,5.5,5.5,8,64,5,1,1137488,6388,100,125.09997701644896,51.06315886181229,123.46120834350586,51.7409483165488
6000000,2024-02-15_22h39m22s,False,200,5.5,5.5,16,8,2,1,1150688,6388,200,214.8834731578827,29.72773990536957,213.2352449893952,29.957524143429925
6000000,2024-02-15_22h39m22s,False,200,5.5,5.5,16,8,3,1,1150688,6388,200,153.8642098903656,41.51712737193208,152.06148719787598,42.00932213485039
6000000,2024-02-15_22h39m22s,False,200,5.5,5.5,16,8,5,1,1150688,6388,200,93.55086588859558,68.28370789862177,91.88438653945924,69.52214887190556
6000000,2024-02-15_22h39m22s,False,200,5.5,5.5,16,16,2,1,1150688,6388,200,240.07971096038816,26.607829434841268,238.3873460292816,26.79672434968653
6000000,2024-02-15_22h39m22s,False,200,5.5,5.5,16,16,3,1,1150688,6388,200,171.02814936637878,37.35057663703968,169.36385822296145,37.71761028017222
6000000,2024-02-15_22h39m22s,False,200,5.5,5.5,16,16,5,1,1150688,6388,200,105.70141506195068,60.43438487797016,104.04139280319214,61.39863979025862
6000000,2024-02-15_22h39m22s,False,200,5.5,5.5,16,32,2,1,1150688,6388,200,264.3482246398926,24.1650951456248,262.59803009033203,24.326153542745804
6000000,2024-02-15_22h39m22s,False,200,5.5,5.5,16,32,3,1,1150688,6388,200,178.34319806098938,35.81857939889273,176.5913164615631,36.17391912580488
6000000,2024-02-15_22h39m22s,False,200,5.5,5.5,16,32,5,1,1150688,6388,200,117.01576256752014,54.59093595458144,115.32284569740295,55.39232024122568
6000000,2024-02-15_22h39m22s,False,200,5.5,5.5,16,64,2,1,1137488,6388,100,273.9550714492798,23.31769208069827,272.28450083732605,23.46075513059208
6000000,2024-02-15_22h39m22s,False,200,5.5,5.5,16,64,3,1,1137488,6388,100,200.3274142742157,31.887797399790053,197.93425178527832,32.273343003462514
6000000,2024-02-15_22h39m22s,False,200,5.5,5.5,16,64,5,1,1137488,6388,100,121.58886361122131,52.53770625265107,119.83134841918944,53.30825434471239
6000000,2024-02-15_22h39m22s,False,200,5.5,5.5,32,8,2,1,1150688,6388,200,229.1837158203125,27.87283545489069,227.4127051830292,28.0898993521876
6000000,2024-02-15_22h39m22s,False,200,5.5,5.5,32,8,3,1,1150688,6388,200,160.0190188884735,39.92025475704339,158.21722650527954,40.37487030394152
6000000,2024-02-15_22h39m22s,False,200,5.5,5.5,32,8,5,1,1150688,6388,200,97.57965087890624,65.46446869263079,95.88177180290222,66.62371668653961
6000000,2024-02-15_22h39m22s,False,200,5.5,5.5,32,16,2,1,1150688,6388,200,241.62576293945312,26.43757818821957,239.9241755008697,26.62507847183096
6000000,2024-02-15_22h39m22s,False,200,5.5,5.5,32,16,3,1,1150688,6388,200,167.1260051727295,38.22265717054518,164.68333768844604,38.789595168911696
6000000,2024-02-15_22h39m22s,False,200,5.5,5.5,32,16,5,1,1150688,6388,200,105.56565499305724,60.51210500631214,103.89528322219849,61.484985669061885
6000000,2024-02-15_22h39m22s,False,200,5.5,5.5,32,32,2,1,1150688,6388,200,263.79042410850525,24.21619367567496,262.04204630851746,24.37776719419689
6000000,2024-02-15_22h39m22s,False,200,5.5,5.5,32,32,3,1,1150688,6388,200,178.73486733436584,35.74008863111043,177.0292558670044,36.08443117898587
6000000,2024-02-15_22h39m22s,False,200,5.5,5.5,32,32,5,1,1150688,6388,200,114.9098732471466,55.5913936678076,113.14956736564636,56.45624767929495
6000000,2024-02-15_22h39m22s,False,200,5.5,5.5,32,64,2,1,1137488,6388,100,259.5889883041382,24.60813165354968,257.705961227417,24.78794037039291
6000000,2024-02-15_22h39m22s,False,200,5.5,5.5,32,64,3,1,1137488,6388,100,204.8292570114136,31.18695099130319,203.1134488582611,31.450403879743806
6000000,2024-02-15_22h39m22s,False,200,5.5,5.5,32,64,5,1,1137488,6388,100,123.083167552948,51.89986678927487,120.66831421852112,52.93850371052519
6000000,2024-02-15_22h39m22s,False,200,5.5,5.5,64,8,2,1,1137488,6388,100,207.218679189682,30.827336729391124,205.4214425086975,31.09704577081593
6000000,2024-02-15_22h39m22s,False,200,5.5,5.5,64,8,3,1,1137488,6388,100,155.49667167663574,41.08126515584985,138.44582200050354,46.14079289425409
6000000,2024-02-15_22h39m22s,False,200,5.5,5.5,64,8,5,1,1137488,6388,100,98.75851893424988,64.6830275396588,96.99167394638062,65.86132334958404
6000000,2024-02-15_22h39m22s,False,200,5.5,5.5,64,16,2,1,1137488,6388,100,238.2283263206482,26.8146114219933,221.0344753265381,28.90046899047262
6000000,2024-02-15_22h39m22s,False,200,5.5,5.5,64,16,3,1,1137488,6388,100,164.7134120464325,38.78251273308109,163.03905749320984,39.18079568305922
6000000,2024-02-15_22h39m22s,False,200,5.5,5.5,64,16,5,1,1137488,6388,100,105.4838387966156,60.559039876400064,103.7305121421814,61.582651700823504
6000000,2024-02-15_22h39m22s,False,200,5.5,5.5,64,32,2,1,1137488,6388,100,261.1710956096649,24.459061922944297,259.42795038223267,24.623406963621804
6000000,2024-02-15_22h39m22s,False,200,5.5,5.5,64,32,3,1,1137488,6388,100,184.0275661945343,34.7121908532295,182.30500674247745,35.04017862232186
6000000,2024-02-15_22h39m22s,False,200,5.5,5.5,64,32,5,1,1137488,6388,100,109.22694873809814,58.48373568794821,107.58200716972352,59.37795889903936
6000000,2024-02-15_22h39m22s,False,200,5.5,5.5,64,64,2,1,1137488,6388,100,281.69468688964844,22.677034027633063,280.00443983078003,22.813923964422035
6000000,2024-02-15_22h39m22s,False,200,5.5,5.5,64,64,3,1,1137488,6388,100,197.20879006385803,32.392065272199616,195.4829468727112,32.678042265034755
6000000,2024-02-15_22h39m22s,False,200,5.5,5.5,64,64,5,1,1137488,6388,100,121.70239233970642,52.48869703538163,120.01082396507265,53.22853213522751
7000000,2024-02-15_22h39m22s,False,100,5.5,5.5,16,8,2,1,1137488,6388,100,219.8587365150452,29.055020060860134,214.74370217323303,29.747088903435323
7000000,2024-02-15_22h39m22s,False,100,5.5,5.5,16,8,3,1,1137488,6388,100,144.29806280136108,44.26947857777995,142.31696224212646,44.88572478895368
7000000,2024-02-15_22h39m22s,False,100,5.5,5.5,16,8,5,1,1137488,6388,100,92.85122275352478,68.79823238254018,90.83124709129332,70.3282207892566
7000000,2024-02-15_22h39m22s,False,100,5.5,5.5,16,16,2,1,1137488,6388,100,227.43389320373527,28.08728246267863,225.71976256370544,28.30057912273897
7000000,2024-02-15_22h39m22s,False,100,5.5,5.5,16,16,3,1,1137488,6388,100,158.05022501945496,40.41753182707382,156.3914384841919,40.84622573917754
7000000,2024-02-15_22h39m22s,False,100,5.5,5.5,16,16,5,1,1137488,6388,100,103.76538634300232,61.56195457013099,102.01343941688538,62.61920033785913
7000000,2024-02-15_22h39m22s,False,100,5.5,5.5,16,32,2,1,1137488,6388,100,250.48177099227905,25.5028538591613,248.8295125961304,25.6721959278529
7000000,2024-02-15_22h39m22s,False,100,5.5,5.5,16,32,3,1,1137488,6388,100,170.74056148529053,37.41348830313137,169.05956721305847,37.78549836194411
7000000,2024-02-15_22h39m22s,False,100,5.5,5.5,16,32,5,1,1137488,6388,100,110.14035272598268,57.99872473527169,108.48234033584596,58.88516029635476
7000000,2024-02-15_22h39m22s,False,100,5.5,5.5,16,64,2,1,1137488,6388,100,287.336546421051,22.231769956054563,285.5910482406616,22.36764786344761
7000000,2024-02-15_22h39m22s,False,100,5.5,5.5,16,64,3,1,1137488,6388,100,195.40273785591123,32.691455964708496,193.63458824157715,32.989973836855924
7000000,2024-02-15_22h39m22s,False,100,5.5,5.5,16,64,5,1,1137488,6388,100,119.328857421875,53.532734143392304,117.62421011924744,54.30854747950141
7000000,2024-02-15_22h39m22s,False,100,5.5,5.5,32,8,2,1,1137488,6388,100,208.4264576435089,30.648700132523427,206.79434633255005,30.890593061607845
7000000,2024-02-15_22h39m22s,False,100,5.5,5.5,32,8,3,1,1137488,6388,100,144.4753406047821,44.21515791732668,142.71804451942444,44.75958188405931
7000000,2024-02-15_22h39m22s,False,100,5.5,5.5,32,8,5,1,1137488,6388,100,147.6198525428772,43.27331243028144,94.33047676086426,67.71936514424834
7000000,2024-02-15_22h39m22s,False,100,5.5,5.5,32,16,2,1,1137488,6388,100,327.20516324043274,19.522919310738537,325.2333903312683,19.641279739123547
7000000,2024-02-15_22h39m22s,False,100,5.5,5.5,32,16,3,1,1137488,6388,100,162.98236179351807,39.19442527218338,161.2503378391266,39.6154208766562
7000000,2024-02-15_22h39m22s,False,100,5.5,5.5,32,16,5,1,1137488,6388,100,101.40226864814758,62.99661817395341,99.68641591072084,64.08094765610888
7000000,2024-02-15_22h39m22s,False,100,5.5,5.5,32,32,2,1,1137488,6388,100,313.29394030570984,20.38979749741293,311.6071240901947,20.50017315442054
7000000,2024-02-15_22h39m22s,False,100,5.5,5.5,32,32,3,1,1137488,6388,100,175.70224976539612,36.35696189735467,173.9758780002594,36.717733937750126
7000000,2024-02-15_22h39m22s,False,100,5.5,5.5,32,32,5,1,1137488,6388,100,111.58526968955994,57.24769960920451,109.86415600776672,58.14453259485657
7000000,2024-02-15_22h39m22s,False,100,5.5,5.5,32,64,2,1,1137488,6388,100,283.27876496315,22.55022539663704,281.60370659828186,22.68436050493014
7000000,2024-02-15_22h39m22s,False,100,5.5,5.5,32,64,3,1,1137488,6388,100,196.93202352523804,32.43758879663032,194.50506448745728,32.84233249572755
7000000,2024-02-15_22h39m22s,False,100,5.5,5.5,32,64,5,1,1137488,6388,100,122.44599556922913,52.1699380229084,120.78042602539062,52.88936469438438
7000000,2024-02-15_22h39m22s,False,100,5.5,5.5,64,8,2,1,1137488,6388,100,214.2968773841858,29.809113776995275,212.59218883514404,30.04814069134786
7000000,2024-02-15_22h39m22s,False,100,5.5,5.5,64,8,3,1,1137488,6388,100,148.73453521728516,42.949003005037255,146.2711045742035,43.6723303525705
7000000,2024-02-15_22h39m22s,False,100,5.5,5.5,64,8,5,1,1137488,6388,100,92.00275325775146,69.43270471595147,90.29323625564577,70.74727039258799
7000000,2024-02-15_22h39m22s,False,100,5.5,5.5,64,16,2,1,1137488,6388,100,235.41182804107663,27.13542498334182,233.7521426677704,27.32809174322394
7000000,2024-02-15_22h39m22s,False,100,5.5,5.5,64,16,3,1,1137488,6388,100,158.49680185317993,40.30365234698795,156.78682255744934,40.74321997092153
7000000,2024-02-15_22h39m22s,False,100,5.5,5.5,64,16,5,1,1137488,6388,100,99.4472553730011,64.2350558196931,97.681312084198,65.39633696252727
7000000,2024-02-15_22h39m22s,False,100,5.5,5.5,64,32,2,1,1137488,6388,100,241.126797914505,26.49228561590636,239.4461641311645,26.67823067109466
7000000,2024-02-15_22h39m22s,False,100,5.5,5.5,64,32,3,1,1137488,6388,100,173.4909954071045,36.82035476832828,171.85358548164368,37.17117674383539
7000000,2024-02-15_22h39m22s,False,100,5.5,5.5,64,32,5,1,1137488,6388,100,114.94136548042296,55.576162448566144,113.28208589553832,56.39020458972317
7000000,2024-02-15_22h39m22s,False,100,5.5,5.5,64,64,2,1,1137488,6388,100,292.3431746959686,21.85103177675825,290.7010033130646,21.9744683616402
7000000,2024-02-15_22h39m22s,False,100,5.5,5.5,64,64,3,1,1137488,6388,100,202.2933800220489,31.577899382094166,200.6470782756805,31.83699486131146
7000000,2024-02-15_22h39m22s,False,100,5.5,5.5,64,64,5,1,1137488,6388,100,125.03890419006348,51.08809967088337,123.3930640220642,51.76952246568532
8000000,2024-02-26_22h34m46s,False,-1,5.5,5.5,8,8,1,1,2884860,16269,163,1082.1368556022644,15.034142784967315,1071.4348227977753,15.184311405445746
8000000,2024-02-26_22h34m46s,False,-1,5.5,5.5,8,8,2,1,2884860,16269,163,521.1889841556549,31.21516473790476,517.5505254268646,31.43461208271729
8000000,2024-02-26_22h34m46s,False,-1,5.5,5.5,8,8,3,1,2884860,16269,163,351.8307750225067,46.240980479775445,347.3978364467621,46.8310343161656
8000000,2024-02-26_22h34m46s,False,-1,5.5,5.5,8,8,4,1,2884860,16269,163,266.5474121570587,61.036045588819135,262.9271812438965,61.87644777931328
8000000,2024-02-26_22h34m46s,False,-1,5.5,5.5,8,8,5,1,2884860,16269,163,218.0660405158997,74.60583941227563,214.43522596359253,75.86906454801507
8000000,2024-02-26_22h34m46s,False,-1,5.5,5.5,8,16,1,1,2884860,16269,163,1211.3910887241364,13.430014593499171,1207.3290846347809,13.475199270065955
8000000,2024-02-26_22h34m46s,False,-1,5.5,5.5,8,16,2,1,2884860,16269,163,609.425708770752,26.695624693640745,604.8858160972595,26.89598527035739
8000000,2024-02-26_22h34m46s,False,-1,5.5,5.5,8,16,3,1,2884860,16269,163,378.0457875728607,43.0344697250845,374.3360755443573,43.460946093271176
8000000,2024-02-26_22h34m46s,False,-1,5.5,5.5,8,16,4,1,2884860,16269,163,283.2800509929657,57.43080016744273,279.5773558616638,58.19140806256848
8000000,2024-02-26_22h34m46s,False,-1,5.5,5.5,8,16,5,1,2884860,16269,163,239.33379435539248,67.9761921788687,235.71273374557487,69.02045443824233
8000000,2024-02-26_22h34m46s,False,-1,5.5,5.5,8,32,1,1,2884860,16269,163,1257.8763163089752,12.933704044717706,1253.8119592666626,12.975629941762172
8000000,2024-02-26_22h34m46s,False,-1,5.5,5.5,8,32,2,1,2884860,16269,163,618.7412791252136,26.293703925817542,614.2612156867981,26.485474883531147
8000000,2024-02-26_22h34m46s,False,-1,5.5,5.5,8,32,3,1,2884860,16269,163,412.4712302684784,39.44275092692034,408.7869822978973,39.79823405468478
8000000,2024-02-26_22h34m46s,False,-1,5.5,5.5,8,32,4,1,2884860,16269,163,317.3820285797119,51.25999122509852,313.7866725921631,51.84732629210564
8000000,2024-02-26_22h34m46s,False,-1,5.5,5.5,8,32,5,1,2884860,16269,163,264.97466826438904,61.39832198513013,261.4079558849335,62.236055306447085
8000000,2024-02-26_22h34m46s,False,-1,5.5,5.5,8,64,1,1,2884860,16269,163,1288.2372488975525,12.628884946404618,1284.591160774231,12.664729835284383
8000000,2024-02-26_22h34m46s,False,-1,5.5,5.5,8,64,2,1,2884860,16269,163,660.0546617507935,24.64795863549621,655.7527868747711,24.80965437834561
8000000,2024-02-26_22h34m46s,False,-1,5.5,5.5,8,64,3,1,2884860,16269,163,419.8254516124725,38.75181920846808,416.2385022640228,39.08576431903569
8000000,2024-02-26_22h34m46s,False,-1,5.5,5.5,8,64,4,1,2884860,16269,163,325.5311269760132,49.97678763050755,321.8506729602814,50.54828641606634
8000000,2024-02-26_22h34m46s,False,-1,5.5,5.5,8,64,5,1,2884860,16269,163,267.5394229888916,60.80972971476992,263.8522117137909,61.65951725145104
8000000,2024-02-26_22h34m46s,False,-1,5.5,5.5,16,8,1,1,2884860,16269,163,1013.1380896568298,16.058028185980685,1009.1000628471376,16.122286182499717
8000000,2024-02-26_22h34m46s,False,-1,5.5,5.5,16,8,2,1,2884860,16269,163,530.4584662914276,30.66969618515241,526.018100976944,30.928593464339908
8000000,2024-02-26_22h34m46s,False,-1,5.5,5.5,16,8,3,1,2884860,16269,163,333.249835729599,48.819228865879374,329.5833251476288,49.36232739539447
8000000,2024-02-26_22h34m46s,False,-1,5.5,5.5,16,8,4,1,2884860,16269,163,253.3961524963379,64.2038161973873,249.75986289978027,65.13856874804648
8000000,2024-02-26_22h34m46s,False,-1,5.5,5.5,16,8,5,1,2884860,16269,163,224.52004313468933,72.46123674686916,220.79083704948425,73.68512306674097
8000000,2024-02-26_22h34m46s,False,-1,5.5,5.5,16,16,1,1,2884860,16269,163,1158.2392573356628,14.046320651765967,1154.1812591552734,14.095706260130248
8000000,2024-02-26_22h34m46s,False,-1,5.5,5.5,16,16,2,1,2884860,16269,163,593.5883963108063,27.40788078256412,589.3019328117371,27.60724018395069
8000000,2024-02-26_22h34m46s,False,-1,5.5,5.5,16,16,3,1,2884860,16269,163,383.3024773597717,42.44428606896205,379.7508833408356,42.84124333530037
8000000,2024-02-26_22h34m46s,False,-1,5.5,5.5,16,16,4,1,2884860,16269,163,285.76380491256714,56.93163276915946,282.17062854766846,57.65660332450796
8000000,2024-02-26_22h34m46s,False,-1,5.5,5.5,16,16,5,1,2884860,16269,163,245.9093856811524,66.15851588964762,242.37109541893005,67.12434076299238
8000000,2024-02-26_22h34m46s,False,-1,5.5,5.5,16,32,1,1,2884860,16269,163,1325.40070271492,12.274778462599995,1321.7299752235413,12.308868153836384
8000000,2024-02-26_22h34m46s,False,-1,5.5,5.5,16,32,2,1,2884860,16269,163,616.9184501171112,26.371394787936094,612.574905872345,26.558384687390888
8000000,2024-02-26_22h34m46s,False,-1,5.5,5.5,16,32,3,1,2884860,16269,163,428.5854253768921,37.95976026411366,424.9033267498016,38.28870939760792
8000000,2024-02-26_22h34m46s,False,-1,5.5,5.5,16,32,4,1,2884860,16269,163,314.5889196395874,51.71510814379215,310.8751780986786,52.332901261212506
8000000,2024-02-26_22h34m46s,False,-1,5.5,5.5,16,32,5,1,2884860,16269,163,264.41504526138306,61.52826887712669,260.8664467334748,62.36524552589132
8000000,2024-02-26_22h34m46s,False,-1,5.5,5.5,16,64,1,1,2884860,16269,163,1341.6813206672668,12.125830291733386,1338.1149518489838,12.158148279801956
8000000,2024-02-26_22h34m46s,False,-1,5.5,5.5,16,64,2,1,2884860,16269,163,673.9546275138855,24.139607231444984,669.5186626911163,24.29954668419113
8000000,2024-02-26_22h34m46s,False,-1,5.5,5.5,16,64,3,1,2884860,16269,163,423.9865992069245,38.3714957747049,420.3467593193054,38.70375978714678
8000000,2024-02-26_22h34m46s,False,-1,5.5,5.5,16,64,4,1,2884860,16269,163,323.70623087883,50.25853211361208,319.947881937027,50.84890670788097
8000000,2024-02-26_22h34m46s,False,-1,5.5,5.5,16,64,5,1,2884860,16269,163,282.3872184753418,57.61238092800088,278.7392418384552,58.36637817013503
8000000,2024-02-26_22h34m46s,False,-1,5.5,5.5,32,8,1,1,2884860,16269,163,1124.0118215084076,14.474047059547148,1120.3867752552032,14.520878288923235
8000000,2024-02-26_22h34m46s,False,-1,5.5,5.5,32,8,2,1,2884860,16269,163,521.2063970565796,31.214121875472525,516.6421434879303,31.48988173935152
8000000,2024-02-26_22h34m46s,False,-1,5.5,5.5,32,8,3,1,2884860,16269,163,342.7353005409241,47.46811890786666,339.15169978141785,47.96968439340071
8000000,2024-02-26_22h34m46s,False,-1,5.5,5.5,32,8,4,1,2884860,16269,163,270.7777090072632,60.082493716510506,267.2014744281769,60.88664007119118
8000000,2024-02-26_22h34m46s,False,-1,5.5,5.5,32,8,5,1,2884860,16269,163,221.5403623580933,73.43582824741942,217.9796414375305,74.63541041130868
8000000,2024-02-26_22h34m46s,False,-1,5.5,5.5,32,16,1,1,2884860,16269,163,1150.8421535491943,14.136604181404412,1147.2518124580383,14.180844888048544
8000000,2024-02-26_22h34m46s,False,-1,5.5,5.5,32,16,2,1,2884860,16269,163,568.0176134109497,28.64171746771116,563.4613816738129,28.873318614438965
8000000,2024-02-26_22h34m46s,False,-1,5.5,5.5,32,16,3,1,2884860,16269,163,381.6677045822144,42.62608495473455,378.0579223632813,43.03308841751208
8000000,2024-02-26_22h34m46s,False,-1,5.5,5.5,32,16,4,1,2884860,16269,163,290.9875605106354,55.90960648438228,287.4240348339081,56.60278205126883
8000000,2024-02-26_22h34m46s,False,-1,5.5,5.5,32,16,5,1,2884860,16269,163,245.843816280365,66.17616113413453,241.9455008506775,67.24241592754728
8000000,2024-02-26_22h34m46s,False,-1,5.5,5.5,32,32,1,1,2884860,16269,163,1255.986872673035,12.953160860173444,1252.3986177444458,12.990273040463958
8000000,2024-02-26_22h34m46s,False,-1,5.5,5.5,32,32,2,1,2884860,16269,163,627.2233815193176,25.938127434904843,622.7549510002136,26.12424031935865
8000000,2024-02-26_22h34m46s,False,-1,5.5,5.5,32,32,3,1,2884860,16269,163,425.6385264396668,38.22257382592948,422.04256105422974,38.54824489587328
8000000,2024-02-26_22h34m46s,False,-1,5.5,5.5,32,32,4,1,2884860,16269,163,328.55133533477783,49.517375978468266,324.9015836715698,50.0736248070914
8000000,2024-02-26_22h34m46s,False,-1,5.5,5.5,32,32,5,1,2884860,16269,163,265.5482494831085,61.26570230332047,261.9416353702545,62.10925566301733
8000000,2024-02-26_22h34m46s,False,-1,5.5,5.5,32,64,1,1,2884860,16269,163,1150.6775653362274,14.138626223451404,1147.0098938941956,14.18383580351288
8000000,2024-02-26_22h34m46s,False,-1,5.5,5.5,32,64,2,1,2884860,16269,163,701.275003194809,23.19917282932241,696.9571006298065,23.34290013732336
8000000,2024-02-26_22h34m46s,False,-1,5.5,5.5,32,64,3,1,2884860,16269,163,437.6289806365967,37.17532594924201,433.91960549354553,37.493120370754944
8000000,2024-02-26_22h34m46s,False,-1,5.5,5.5,32,64,4,1,2884860,16269,163,335.5174775123596,48.48927728183904,331.7204692363739,49.044305398010295
8000000,2024-02-26_22h34m46s,False,-1,5.5,5.5,32,64,5,1,2884860,16269,163,277.6885802745819,58.58721299922745,274.07648825645447,59.35934199790619
8000000,2024-02-26_22h34m46s,False,-1,5.5,5.5,64,8,1,1,2884860,16269,163,881.6432132720947,18.453042858028585,878.0274751186371,18.52903293009341
8000000,2024-02-26_22h34m46s,False,-1,5.5,5.5,64,8,2,1,2884860,16269,163,528.9418003559113,30.757637208957604,524.4591860771179,31.020526347702795
8000000,2024-02-26_22h34m46s,False,-1,5.5,5.5,64,8,3,1,2884860,16269,163,356.98485493659973,45.57336193685125,353.36275720596313,46.04050559441768
8000000,2024-02-26_22h34m46s,False,-1,5.5,5.5,64,8,4,1,2884860,16269,163,265.3352966308594,61.314872942192125,261.6475124359131,62.17907385603319
8000000,2024-02-26_22h34m46s,False,-1,5.5,5.5,64,8,5,1,2884860,16269,163,221.8133835792541,73.34543902391296,218.10165119171145,74.5936580998167
8000000,2024-02-26_22h34m46s,False,-1,5.5,5.5,64,16,1,1,2884860,16269,163,1098.019935131073,14.81667088135147,1093.774505853653,14.87418102445404
8000000,2024-02-26_22h34m46s,False,-1,5.5,5.5,64,16,2,1,2884860,16269,163,591.0353429317474,27.52627265790895,586.6258172988892,27.73318105041881
8000000,2024-02-26_22h34m46s,False,-1,5.5,5.5,64,16,3,1,2884860,16269,163,374.2097132205963,43.47562189121862,370.5018568038941,43.91071111044702
8000000,2024-02-26_22h34m46s,False,-1,5.5,5.5,64,16,4,1,2884860,16269,163,289.412534236908,56.21387492043619,285.8156971931457,56.92129634505656
8000000,2024-02-26_22h34m46s,False,-1,5.5,5.5,64,16,5,1,2884860,16269,163,252.75440645217896,64.36683034872466,249.0906074047089,65.31358275411411
8000000,2024-02-26_22h34m46s,False,-1,5.5,5.5,64,32,1,1,2884860,16269,163,1158.3084003925323,14.045482182885571,1154.604173898697,14.090543207604425
8000000,2024-02-26_22h34m46s,False,-1,5.5,5.5,64,32,2,1,2884860,16269,163,603.6061906814575,26.95300388094541,599.2758939266205,27.147763100232577
8000000,2024-02-26_22h34m46s,False,-1,5.5,5.5,64,32,3,1,2884860,16269,163,429.1117441654205,37.9132014474262,425.52228331565857,38.23301537403018
8000000,2024-02-26_22h34m46s,False,-1,5.5,5.5,64,32,4,1,2884860,16269,163,309.3637671470642,52.58857606380938,305.79607582092285,53.20212156524626
8000000,2024-02-26_22h34m46s,False,-1,5.5,5.5,64,32,5,1,2884860,16269,163,265.8904173374176,61.186860974212834,262.26525831222534,62.03261577494891
8000000,2024-02-26_22h34m46s,False,-1,5.5,5.5,64,64,1,1,2884860,16269,163,1329.9404969215393,12.232878115719036,1326.2076771259308,12.267309472417695
8000000,2024-02-26_22h34m46s,False,-1,5.5,5.5,64,64,2,1,2884860,16269,163,663.2144141197205,24.53052836855744,658.655993938446,24.70029901757852
8000000,2024-02-26_22h34m46s,False,-1,5.5,5.5,64,64,3,1,2884860,16269,163,450.6304588317871,36.102752668285454,447.0272295475006,36.39375618453523
8000000,2024-02-26_22h34m46s,False,-1,5.5,5.5,64,64,4,1,2884860,16269,163,335.8797924518585,48.436971695258585,332.2447063922882,48.966920125405565
8000000,2024-02-26_22h34m46s,False,-1,5.5,5.5,64,64,5,1,2884860,16269,163,282.4800944328308,57.593438690486224,278.78756380081177,58.356261585699286
8000000,2024-02-26_22h34m46s,False,50,5.5,5.5,8,8,1,1,2869944,16269,50,988.0907037258148,16.46508760648606,984.3854959011078,16.527061875396015
8000000,2024-02-26_22h34m46s,False,50,5.5,5.5,8,8,2,1,2869944,16269,50,488.4881372451782,33.304800586865404,484.1132018566132,33.605776371326115
8000000,2024-02-26_22h34m46s,False,50,5.5,5.5,8,8,3,1,2869944,16269,50,330.579247713089,49.2136155325755,326.96168303489685,49.75812409879111
8000000,2024-02-26_22h34m46s,False,50,5.5,5.5,8,8,4,1,2869944,16269,50,248.2092282772064,65.5455081703504,244.59796571731567,66.51322692847842
8000000,2024-02-26_22h34m46s,False,50,5.5,5.5,8,8,5,1,2869944,16269,50,222.00782823562625,73.28119971847582,218.39742064476013,74.4926380172903
8000000,2024-02-26_22h34m46s,False,50,5.5,5.5,8,16,1,1,2869944,16269,50,1100.299242258072,14.785977646055812,1096.2912621498108,14.840034361029872
8000000,2024-02-26_22h34m46s,False,50,5.5,5.5,8,16,2,1,2869944,16269,50,535.163685798645,30.400044755879048,530.838675737381,30.647729232239808
8000000,2024-02-26_22h34m46s,False,50,5.5,5.5,8,16,3,1,2869944,16269,50,358.6601767539978,45.36048620518798,355.1096172332764,45.81402251720114
8000000,2024-02-26_22h34m46s,False,50,5.5,5.5,8,16,4,1,2869944,16269,50,271.0254364013672,60.02757606819937,267.45620346069336,60.82865078278496
8000000,2024-02-26_22h34m46s,False,50,5.5,5.5,8,16,5,1,2869944,16269,50,246.7135272026062,65.94287789756888,243.1232991218567,66.91666351502477
8000000,2024-02-26_22h34m46s,False,50,5.5,5.5,8,32,1,1,2869944,16269,50,1138.1178004741669,14.294653851492304,1134.5612041950226,14.339464402489371
8000000,2024-02-26_22h34m46s,False,50,5.5,5.5,8,32,2,1,2869944,16269,50,616.7723498344421,26.37764161179895,596.8185300827026,27.25954235661142
8000000,2024-02-26_22h34m46s,False,50,5.5,5.5,8,32,3,1,2869944,16269,50,424.92979311943054,38.28632461981183,421.1705324649811,38.628058579460834
8000000,2024-02-26_22h34m46s,False,50,5.5,5.5,8,32,4,1,2869944,16269,50,299.4926166534424,54.32187337968889,295.7977521419525,55.00041796190713
8000000,2024-02-26_22h34m46s,False,50,5.5,5.5,8,32,5,1,2869944,16269,50,269.4999861717224,60.36735003627634,265.641316652298,61.24423792588991
8000000,2024-02-26_22h34m46s,False,50,5.5,5.5,8,64,1,1,2869944,16269,50,1219.8014979362488,13.337415987375904,1215.8295402526855,13.380987598490837
8000000,2024-02-26_22h34m46s,False,50,5.5,5.5,8,64,2,1,2869944,16269,50,715.849203824997,22.726853523158027,711.4832186698914,22.866315849887062
8000000,2024-02-26_22h34m46s,False,50,5.5,5.5,8,64,3,1,2869944,16269,50,462.2435038089752,35.195735290902554,458.5939393043518,35.47582862669031
8000000,2024-02-26_22h34m46s,False,50,5.5,5.5,8,64,4,1,2869944,16269,50,349.5491850376129,46.54280626701902,345.8665645122528,47.03837164180017
8000000,2024-02-26_22h34m46s,False,50,5.5,5.5,8,64,5,1,2869944,16269,50,292.2507598400116,55.66794765189396,288.5564560890198,56.38064807318332
8000000,2024-02-26_22h34m46s,False,50,5.5,5.5,16,8,1,1,2869944,16269,50,1064.6404988765717,15.281214660880693,1061.0441405773165,15.333009606130055
8000000,2024-02-26_22h34m46s,False,50,5.5,5.5,16,8,2,1,2869944,16269,50,501.67779755592346,32.42918079942824,497.2341499328613,32.718991650506524
8000000,2024-02-26_22h34m46s,False,50,5.5,5.5,16,8,3,1,2869944,16269,50,338.5337438583374,48.05724774900996,334.8948347568512,48.5794294552558
8000000,2024-02-26_22h34m46s,False,50,5.5,5.5,16,8,4,1,2869944,16269,50,252.8557538986206,64.34103139500972,249.18664717674253,65.28841005056246
8000000,2024-02-26_22h34m46s,False,50,5.5,5.5,16,8,5,1,2869944,16269,50,214.3929603099823,75.8840214551695,210.7767744064331,77.18592357158424
8000000,2024-02-26_22h34m46s,False,50,5.5,5.5,16,16,1,1,2869944,16269,50,1192.4371795654297,13.64348602911648,1188.8377134799955,13.68479466585643
8000000,2024-02-26_22h34m46s,False,50,5.5,5.5,16,16,2,1,2869944,16269,50,540.3936452865601,30.10583144694988,535.8917410373688,30.358743668090103
8000000,2024-02-26_22h34m46s,False,50,5.5,5.5,16,16,3,1,2869944,16269,50,365.5337977409363,44.50751230267982,361.8007419109345,44.96674029486923
8000000,2024-02-26_22h34m46s,False,50,5.5,5.5,16,16,4,1,2869944,16269,50,293.90660214424133,55.35431964204608,290.2271330356598,56.0560958923198
8000000,2024-02-26_22h34m46s,False,50,5.5,5.5,16,16,5,1,2869944,16269,50,240.59298300743103,67.62042598514816,236.98610401153564,68.64959474251741
8000000,2024-02-26_22h34m46s,False,50,5.5,5.5,16,32,1,1,2869944,16269,50,1152.557834148407,14.11556064084256,1148.97127866745,14.15962287488022
8000000,2024-02-26_22h34m46s,False,50,5.5,5.5,16,32,2,1,2869944,16269,50,612.7806189060211,26.549468925836067,608.3598628044128,26.742395405579984
8000000,2024-02-26_22h34m46s,False,50,5.5,5.5,16,32,3,1,2869944,16269,50,409.51886892318726,39.72710718502094,405.8343760967255,40.08778200721589
8000000,2024-02-26_22h34m46s,False,50,5.5,5.5,16,32,4,1,2869944,16269,50,311.37239813804626,52.24933262320565,307.81030011177063,52.85398180012975
8000000,2024-02-26_22h34m46s,False,50,5.5,5.5,16,32,5,1,2869944,16269,50,269.7429745197296,60.31297025980578,266.05633521080017,61.14870366499577
8000000,2024-02-26_22h34m46s,False,50,5.5,5.5,16,64,1,1,2869944,16269,50,1157.6041541099548,14.054026967887584,1153.9502594470978,14.098527962370843
8000000,2024-02-26_22h34m46s,False,50,5.5,5.5,16,64,2,1,2869944,16269,50,698.6540031433105,23.286204511538227,694.1444065570831,23.43748627276753
8000000,2024-02-26_22h34m46s,False,50,5.5,5.5,16,64,3,1,2869944,16269,50,452.17165446281433,35.97969894713497,448.5482585430145,36.27034480714598
8000000,2024-02-26_22h34m46s,False,50,5.5,5.5,16,64,4,1,2869944,16269,50,329.90318155288696,49.31446833407367,326.3112199306488,49.85731107700699
8000000,2024-02-26_22h34m46s,False,50,5.5,5.5,16,64,5,1,2869944,16269,50,304.7418370246887,53.386171583266936,301.06868171691895,54.03750369258598
8000000,2024-02-26_22h34m46s,False,50,5.5,5.5,32,8,1,1,2869944,16269,50,1090.493436574936,14.918934359750304,1086.8597538471222,14.968812620407691
8000000,2024-02-26_22h34m46s,False,50,5.5,5.5,32,8,2,1,2869944,16269,50,517.0834574699402,31.46300614528124,512.702584028244,31.731847091887808
8000000,2024-02-26_22h34m46s,False,50,5.5,5.5,32,8,3,1,2869944,16269,50,341.5001440048218,47.63980421563246,337.8323655128479,48.15702005135823
8000000,2024-02-26_22h34m46s,False,50,5.5,5.5,32,8,4,1,2869944,16269,50,263.6327474117279,61.71084647004009,259.9522428512573,62.584572541307125
8000000,2024-02-26_22h34m46s,False,50,5.5,5.5,32,8,5,1,2869944,16269,50,236.07487964630127,68.9145750042317,232.4561553001404,69.98739172552328
8000000,2024-02-26_22h34m46s,False,50,5.5,5.5,32,16,1,1,2869944,16269,50,1156.3313703536987,14.069496354685628,1152.6060082912445,14.11497066904851
8000000,2024-02-26_22h34m46s,False,50,5.5,5.5,32,16,2,1,2869944,16269,50,567.4988811016083,28.66789793209672,563.0934221744537,28.892186197408023
8000000,2024-02-26_22h34m46s,False,50,5.5,5.5,32,16,3,1,2869944,16269,50,374.0457599163056,43.49467830791683,370.4638442993164,43.91521669481856
8000000,2024-02-26_22h34m46s,False,50,5.5,5.5,32,16,4,1,2869944,16269,50,294.8517246246338,55.17688601181336,291.23678040504456,55.86176298671307
8000000,2024-02-26_22h34m46s,False,50,5.5,5.5,32,16,5,1,2869944,16269,50,246.54965090751648,65.98670872222279,242.93218302726743,66.9693072250288
8000000,2024-02-26_22h34m46s,False,50,5.5,5.5,32,32,1,1,2869944,16269,50,1367.1788876056671,11.899686388876155,1363.618539810181,11.930755944594804
8000000,2024-02-26_22h34m46s,False,50,5.5,5.5,32,32,2,1,2869944,16269,50,640.8171744346619,25.387896343996623,636.4915728569031,25.56043268094865
8000000,2024-02-26_22h34m46s,False,50,5.5,5.5,32,32,3,1,2869944,16269,50,405.66085600852966,40.10492942325675,402.0321941375733,40.46690846463116
8000000,2024-02-26_22h34m46s,False,50,5.5,5.5,32,32,4,1,2869944,16269,50,334.14992213249207,48.68772644378849,314.8289806842804,51.67567472549493
8000000,2024-02-26_22h34m46s,False,50,5.5,5.5,32,32,5,1,2869944,16269,50,263.49611043930054,61.74284687875026,259.9119176864624,62.59428249698677
8000000,2024-02-26_22h34m46s,False,50,5.5,5.5,32,64,1,1,2869944,16269,50,1348.5513880252838,12.064056397452594,1345.0003411769867,12.095907712382644
8000000,2024-02-26_22h34m46s,False,50,5.5,5.5,32,64,2,1,2869944,16269,50,665.4557392597198,24.44790696087211,661.1608150005341,24.606721437335725
8000000,2024-02-26_22h34m46s,False,50,5.5,5.5,32,64,3,1,2869944,16269,50,473.9199867248535,34.328579624655895,470.33768010139465,34.5900417684859
8000000,2024-02-26_22h34m46s,False,50,5.5,5.5,32,64,4,1,2869944,16269,50,328.93653559684753,49.45938878598659,325.40212202072144,49.99660081799958
8000000,2024-02-26_22h34m46s,False,50,5.5,5.5,32,64,5,1,2869944,16269,50,296.4471535682678,54.87993325007072,292.86429047584534,55.55132711320373
8000000,2024-02-26_22h34m46s,False,50,5.5,5.5,64,8,1,1,2869944,16269,50,891.2580752372742,18.25397205592645,887.6157972812653,18.32887613067653
8000000,2024-02-26_22h34m46s,False,50,5.5,5.5,64,8,2,1,2869944,16269,50,467.37887740135193,34.80901852145392,463.0452435016632,35.13479563459022
8000000,2024-02-26_22h34m46s,False,50,5.5,5.5,64,8,3,1,2869944,16269,50,331.8162798881531,49.03014404683179,328.12852144241333,49.58118217972471
8000000,2024-02-26_22h34m46s,False,50,5.5,5.5,64,8,4,1,2869944,16269,50,252.54171895980835,64.42103929208301,248.8509259223938,65.37648971848158
8000000,2024-02-26_22h34m46s,False,50,5.5,5.5,64,8,5,1,2869944,16269,50,223.68360781669617,72.73219597446806,220.08013653755188,73.92307300401937
8000000,2024-02-26_22h34m46s,False,50,5.5,5.5,64,16,1,1,2869944,16269,50,1135.525237083435,14.327290551275173,1131.897366523743,14.373211283249985
8000000,2024-02-26_22h34m46s,False,50,5.5,5.5,64,16,2,1,2869944,16269,50,566.2380857467651,28.73173036134464,561.7412278652191,28.96173396748349
8000000,2024-02-26_22h34m46s,False,50,5.5,5.5,64,16,3,1,2869944,16269,50,372.2618832588196,43.70310453914719,368.5997121334076,44.13731065018235
8000000,2024-02-26_22h34m46s,False,50,5.5,5.5,64,16,4,1,2869944,16269,50,287.80244493484497,56.52835924893935,284.3223686218262,57.22026050521268
8000000,2024-02-26_22h34m46s,False,50,5.5,5.5,64,16,5,1,2869944,16269,50,238.2076005935669,68.29756884104799,234.5424177646637,69.36485159082852
8000000,2024-02-26_22h34m46s,False,50,5.5,5.5,64,32,1,1,2869944,16269,50,1082.5798461437223,15.027990829454383,1078.6736598014832,15.08241148948989
8000000,2024-02-26_22h34m46s,False,50,5.5,5.5,64,32,2,1,2869944,16269,50,633.0498249530792,25.699398939421293,628.554906129837,25.883180357579462
8000000,2024-02-26_22h34m46s,False,50,5.5,5.5,64,32,3,1,2869944,16269,50,397.8737890720368,40.88985112073927,394.2297568321228,41.26781329428647
8000000,2024-02-26_22h34m46s,False,50,5.5,5.5,64,32,4,1,2869944,16269,50,305.31345653533936,53.28621995446473,301.6786575317383,53.92824316147857
8000000,2024-02-26_22h34m46s,False,50,5.5,5.5,64,32,5,1,2869944,16269,50,271.28357005119324,59.9704582069969,267.7175147533417,60.76927770298947
8000000,2024-02-26_22h34m46s,False,50,5.5,5.5,64,64,1,1,2869944,16269,50,1302.500527858734,12.490589947587717,1298.7436718940735,12.526721286174562
8000000,2024-02-26_22h34m46s,False,50,5.5,5.5,64,64,2,1,2869944,16269,50,640.7420883178711,25.39087145455158,636.3388202190399,25.566568442893207
8000000,2024-02-26_22h34m46s,False,50,5.5,5.5,64,64,3,1,2869944,16269,50,430.8428003787994,37.76087237780509,427.09777998924255,38.0919797813273
8000000,2024-02-26_22h34m46s,False,50,5.5,5.5,64,64,4,1,2869944,16269,50,348.37750339508057,46.69934149436164,344.78776502609253,47.18554905441268
8000000,2024-02-26_22h34m46s,False,50,5.5,5.5,64,64,5,1,2869944,16269,50,287.5300838947296,56.58190537709577,283.84559965133667,57.31637206982992
8000000,2024-02-26_22h34m46s,False,100,5.5,5.5,8,8,1,1,2876544,16269,100,1045.9539320468905,15.554222324268348,1042.3550608158112,15.6079253716741
8000000,2024-02-26_22h34m46s,False,100,5.5,5.5,8,8,2,1,2876544,16269,100,510.60983204841614,31.86190115990044,506.1460180282593,32.14289833470875
8000000,2024-02-26_22h34m46s,False,100,5.5,5.5,8,8,3,1,2876544,16269,100,333.8038263320923,48.73820704444058,330.2586877346039,49.26138389150804
8000000,2024-02-26_22h34m46s,False,100,5.5,5.5,8,8,4,1,2876544,16269,100,259.0790822505951,62.79549803354544,255.5099322795868,63.6726715664343
8000000,2024-02-26_22h34m46s,False,100,5.5,5.5,8,8,5,1,2876544,16269,100,219.7593970298767,74.03096395367429,216.177787065506,75.25750087852543
8000000,2024-02-26_22h34m46s,False,100,5.5,5.5,8,16,1,1,2876544,16269,100,1143.3112001419067,14.229721529869302,1139.284555435181,14.280014525243532
8000000,2024-02-26_22h34m46s,False,100,5.5,5.5,8,16,2,1,2876544,16269,100,540.3808064460754,30.106546727661176,536.058515548706,30.34929868308716
8000000,2024-02-26_22h34m46s,False,100,5.5,5.5,8,16,3,1,2876544,16269,100,359.39687180519104,45.26750585858888,355.8246626853943,45.721957205603786
8000000,2024-02-26_22h34m46s,False,100,5.5,5.5,8,16,4,1,2876544,16269,100,275.5689742565155,59.03785084621274,271.94634318351746,59.82430140279988
8000000,2024-02-26_22h34m46s,False,100,5.5,5.5,8,16,5,1,2876544,16269,100,238.2099690437317,68.29688977883735,234.5463969707489,69.36367477872177
8000000,2024-02-26_22h34m46s,False,100,5.5,5.5,8,32,1,1,2876544,16269,100,1274.8519129753113,12.761482203866814,1271.1101853847504,12.799047782844696
8000000,2024-02-26_22h34m46s,False,100,5.5,5.5,8,32,2,1,2876544,16269,100,601.7553851604462,27.0359026295414,597.2137975692749,27.24150055845428
8000000,2024-02-26_22h34m46s,False,100,5.5,5.5,8,32,3,1,2876544,16269,100,420.4728548526764,38.69215292316616,416.8830659389496,39.025331871797626
8000000,2024-02-26_22h34m46s,False,100,5.5,5.5,8,32,4,1,2876544,16269,100,314.8914706707001,51.665419724923,311.1742687225342,52.28260057230708
8000000,2024-02-26_22h34m46s,False,100,5.5,5.5,8,32,5,1,2876544,16269,100,270.09909653663635,60.233448421747184,266.49891567230225,61.047152702133374
8000000,2024-02-26_22h34m46s,False,100,5.5,5.5,8,64,1,1,2876544,16269,100,1273.0401544570925,12.779644022256443,1269.434745311737,12.815940370377051
8000000,2024-02-26_22h34m46s,False,100,5.5,5.5,8,64,2,1,2876544,16269,100,663.4801409244537,24.52070378072167,659.0593361854553,24.685182512037127
8000000,2024-02-26_22h34m46s,False,100,5.5,5.5,8,64,3,1,2876544,16269,100,412.4235017299652,39.44731551853257,408.77476477622986,39.79942355029162
8000000,2024-02-26_22h34m46s,False,100,5.5,5.5,8,64,4,1,2876544,16269,100,326.4093315601349,49.84232504089037,322.6617600917816,50.42122126703908
8000000,2024-02-26_22h34m46s,False,100,5.5,5.5,8,64,5,1,2876544,16269,100,274.0328345298767,59.36879800521224,270.3645167350769,60.17431649857206
8000000,2024-02-26_22h34m46s,False,100,5.5,5.5,16,8,1,1,2876544,16269,100,1044.6805410385132,15.57318181099367,1040.9822652339935,15.628508326549666
8000000,2024-02-26_22h34m46s,False,100,5.5,5.5,16,8,2,1,2876544,16269,100,479.6478126049042,33.918636909121304,475.1731939315796,34.23804248171159
8000000,2024-02-26_22h34m46s,False,100,5.5,5.5,16,8,3,1,2876544,16269,100,358.5721604824066,45.371620535493975,354.897531747818,45.84140081188386
8000000,2024-02-26_22h34m46s,False,100,5.5,5.5,16,8,4,1,2876544,16269,100,274.00684118270874,59.37442995867308,270.3186888694763,60.18451801479218
8000000,2024-02-26_22h34m46s,False,100,5.5,5.5,16,8,5,1,2876544,16269,100,217.50710153579712,74.79755780444006,213.7147479057312,76.12483536782496
8000000,2024-02-26_22h34m46s,False,100,5.5,5.5,16,16,1,1,2876544,16269,100,1056.3891525268557,15.400574647216866,1052.6454458236694,15.455346398492138
8000000,2024-02-26_22h34m46s,False,100,5.5,5.5,16,16,2,1,2876544,16269,100,560.1286759376526,29.045111773229205,555.6049392223358,29.28159714125517
8000000,2024-02-26_22h34m46s,False,100,5.5,5.5,16,16,3,1,2876544,16269,100,372.2374138832092,43.70597740372346,368.6256816387177,44.13420119747627
8000000,2024-02-26_22h34m46s,False,100,5.5,5.5,16,16,4,1,2876544,16269,100,296.2451066970825,54.9173627925454,292.61571168899536,55.59851829587127
8000000,2024-02-26_22h34m46s,False,100,5.5,5.5,16,16,5,1,2876544,16269,100,242.3155279159546,67.13973363540609,238.6236293315888,68.17849533833373
8000000,2024-02-26_22h34m46s,False,100,5.5,5.5,16,32,1,1,2876544,16269,100,1440.7845709323883,11.291764451275109,1437.0368783473969,11.3212125903891
8000000,2024-02-26_22h34m46s,False,100,5.5,5.5,16,32,2,1,2876544,16269,100,578.0834238529205,28.14299689059975,573.669182062149,28.359550257725857
8000000,2024-02-26_22h34m46s,False,100,5.5,5.5,16,32,3,1,2876544,16269,100,422.4663243293762,38.50957830976336,418.7093548774719,38.855114676768665
8000000,2024-02-26_22h34m46s,False,100,5.5,5.5,16,32,4,1,2876544,16269,100,315.7447443008423,51.52579827108337,312.01289105415344,52.14207638996662
8000000,2024-02-26_22h34m46s,False,100,5.5,5.5,16,32,5,1,2876544,16269,100,272.17733097076416,59.77353052134797,268.46566462516785,60.599928198322125
8000000,2024-02-26_22h34m46s,False,100,5.5,5.5,16,64,1,1,2876544,16269,100,1259.4992139339447,12.917038629333549,1255.813487291336,12.954949253722862
8000000,2024-02-26_22h34m46s,False,100,5.5,5.5,16,64,2,1,2876544,16269,100,633.6803958415985,25.67382564895817,629.1423473358154,25.859012779688385
8000000,2024-02-26_22h34m46s,False,100,5.5,5.5,16,64,3,1,2876544,16269,100,426.6301157474518,38.133735522858885,422.9478168487549,38.46573821142989
8000000,2024-02-26_22h34m46s,False,100,5.5,5.5,16,64,4,1,2876544,16269,100,334.0636830329895,48.70029526194681,330.51959347724915,49.22249791257792
8000000,2024-02-26_22h34m46s,False,100,5.5,5.5,16,64,5,1,2876544,16269,100,283.24038100242615,57.43884379205324,279.5808815956116,58.190674223324166
8000000,2024-02-26_22h34m46s,False,100,5.5,5.5,32,8,1,1,2876544,16269,100,1106.8100769519806,14.69899880637411,1103.22079372406,14.746821391103364
8000000,2024-02-26_22h34m46s,False,100,5.5,5.5,32,8,2,1,2876544,16269,100,505.59129333496094,32.178164882324374,501.1949853897095,32.46042054341359
8000000,2024-02-26_22h34m46s,False,100,5.5,5.5,32,8,3,1,2876544,16269,100,332.70992136001587,48.89845164068847,329.06447672843933,49.4401588459091
8000000,2024-02-26_22h34m46s,False,100,5.5,5.5,32,8,4,1,2876544,16269,100,253.2931489944458,64.2299251463637,249.7152094841004,65.1502166552489
8000000,2024-02-26_22h34m46s,False,100,5.5,5.5,32,8,5,1,2876544,16269,100,220.2824625968933,73.8551757965931,216.69116377830505,75.07920358323739
8000000,2024-02-26_22h34m46s,False,100,5.5,5.5,32,16,1,1,2876544,16269,100,1163.0161719322205,13.988627495154162,1159.017427444458,14.036889881692169
8000000,2024-02-26_22h34m46s,False,100,5.5,5.5,32,16,2,1,2876544,16269,100,549.1665863990784,29.624890521247675,544.7453718185425,29.865329457850425
8000000,2024-02-26_22h34m46s,False,100,5.5,5.5,32,16,3,1,2876544,16269,100,372.928478717804,43.624986903482906,369.282675743103,44.0556816462134
8000000,2024-02-26_22h34m46s,False,100,5.5,5.5,32,16,4,1,2876544,16269,100,288.06048822402954,56.47772139908102,284.37037444114685,57.21060090022501
8000000,2024-02-26_22h34m46s,False,100,5.5,5.5,32,16,5,1,2876544,16269,100,251.6977722644806,64.63704407723067,248.0387597084045,65.59055535967809
8000000,2024-02-26_22h34m46s,False,100,5.5,5.5,32,32,1,1,2876544,16269,100,1347.6262934207916,12.072337916992586,1343.957935333252,12.105289587033012
8000000,2024-02-26_22h34m46s,False,100,5.5,5.5,32,32,2,1,2876544,16269,100,660.4218821525574,24.63425340628229,655.8868119716644,24.80458472871818
8000000,2024-02-26_22h34m46s,False,100,5.5,5.5,32,32,3,1,2876544,16269,100,420.5071542263031,38.68899693260524,416.880756855011,39.02554803137214
8000000,2024-02-26_22h34m46s,False,100,5.5,5.5,32,32,4,1,2876544,16269,100,320.12341570854187,50.82102464760716,316.54524850845337,51.39549583087656
8000000,2024-02-26_22h34m46s,False,100,5.5,5.5,32,32,5,1,2876544,16269,100,268.78780937194824,60.52729860782852,265.18024492263794,61.35072393777379
8000000,2024-02-26_22h34m46s,False,100,5.5,5.5,32,64,1,1,2876544,16269,100,1328.898949623108,12.242465843331496,1325.1434490680697,12.277161398218029
8000000,2024-02-26_22h34m46s,False,100,5.5,5.5,32,64,2,1,2876544,16269,100,626.859447479248,25.95318626116516,622.4112451076508,26.13866656150493
8000000,2024-02-26_22h34m46s,False,100,5.5,5.5,32,64,3,1,2876544,16269,100,422.3123157024384,38.52362196195848,418.71085357666016,38.85497560196722
8000000,2024-02-26_22h34m46s,False,100,5.5,5.5,32,64,4,1,2876544,16269,100,326.3303987979889,49.854380897169,322.6800365447998,50.418365431606944
8000000,2024-02-26_22h34m46s,False,100,5.5,5.5,32,64,5,1,2876544,16269,100,281.2802369594574,57.83911509696626,277.65676188468933,58.59392686700173
8000000,2024-02-26_22h34m46s,False,100,5.5,5.5,64,8,1,1,2876544,16269,100,1066.8806405067444,15.249128517574928,1063.329848766327,15.30005013860493
8000000,2024-02-26_22h34m46s,False,100,5.5,5.5,64,8,2,1,2876544,16269,100,523.7862684726715,31.06037897373561,519.3122973442078,31.327969861681648
8000000,2024-02-26_22h34m46s,False,100,5.5,5.5,64,8,3,1,2876544,16269,100,345.26380729675293,47.12049063983372,341.66186022758484,47.61725522761901
8000000,2024-02-26_22h34m46s,False,100,5.5,5.5,64,8,4,1,2876544,16269,100,277.0853588581085,58.71475875537373,273.19952726364136,59.54988342384717
8000000,2024-02-26_22h34m46s,False,100,5.5,5.5,64,8,5,1,2876544,16269,100,247.9331817626953,65.6184859337286,228.7952308654785,71.10725139880846
8000000,2024-02-26_22h34m46s,False,100,5.5,5.5,64,16,1,1,2876544,16269,100,1111.513969898224,14.636793095357746,1107.3720791339874,14.691538920434995
8000000,2024-02-26_22h34m46s,False,100,5.5,5.5,64,16,2,1,2876544,16269,100,557.794739484787,29.166642939349043,553.3517615795135,29.4008280619926
8000000,2024-02-26_22h34m46s,False,100,5.5,5.5,64,16,3,1,2876544,16269,100,395.1431324481964,41.17242250726167,391.4281635284424,41.56318199831792
8000000,2024-02-26_22h34m46s,False,100,5.5,5.5,64,16,4,1,2876544,16269,100,284.29540061950684,57.22568836691799,280.60921716690063,57.97742556091281
8000000,2024-02-26_22h34m46s,False,100,5.5,5.5,64,16,5,1,2876544,16269,100,240.66386485099792,67.60050998961816,237.0564730167389,68.62921646037998
8000000,2024-02-26_22h34m46s,False,100,5.5,5.5,64,32,1,1,2876544,16269,100,1373.0832030773165,11.848517237366508,1369.4594023227692,11.879870241064324
8000000,2024-02-26_22h34m46s,False,100,5.5,5.5,64,32,2,1,2876544,16269,100,584.4827129840851,27.83486942999286,580.039160490036,28.04810624554284
8000000,2024-02-26_22h34m46s,False,100,5.5,5.5,64,32,3,1,2876544,16269,100,417.6466028690338,38.95398618889678,413.2227277755737,39.37101932310919
8000000,2024-02-26_22h34m46s,False,100,5.5,5.5,64,32,4,1,2876544,16269,100,312.35084533691406,52.08566022112605,308.7121500968933,52.69957789122898
8000000,2024-02-26_22h34m46s,False,100,5.5,5.5,64,32,5,1,2876544,16269,100,267.5715982913971,60.80241738617696,263.97195529937744,61.63154711472628
8000000,2024-02-26_22h34m46s,False,100,5.5,5.5,64,64,1,1,2876544,16269,100,1164.4035785198212,13.97195980854078,1160.8384721279144,14.01486976062876
8000000,2024-02-26_22h34m46s,False,100,5.5,5.5,64,64,2,1,2876544,16269,100,698.4705243110657,23.29232148492863,694.0638680458069,23.440205936388374
8000000,2024-02-26_22h34m46s,False,100,5.5,5.5,64,64,3,1,2876544,16269,100,418.4045901298523,38.88341663496306,414.7673230171204,39.224401482873
8000000,2024-02-26_22h34m46s,False,100,5.5,5.5,64,64,4,1,2876544,16269,100,326.9978976249695,49.75261345153585,323.1847245693207,50.33963168178892
8000000,2024-02-26_22h34m46s,False,100,5.5,5.5,64,64,5,1,2876544,16269,100,282.68998503685,57.55067692928442,279.0809404850006,58.29491606172363
8000000,2024-02-26_22h34m46s,False,200,5.5,5.5,8,8,1,1,2889744,16269,200,1140.269680738449,14.26767744053674,1136.2427027225494,14.318243770470756
8000000,2024-02-26_22h34m46s,False,200,5.5,5.5,8,8,2,1,2889744,16269,200,524.4278213977814,31.022381605608743,520.022317647934,31.28519574618421
8000000,2024-02-26_22h34m46s,False,200,5.5,5.5,8,8,3,1,2889744,16269,200,359.3960666656494,45.26760726943417,355.74978280067444,45.731580977845525
8000000,2024-02-26_22h34m46s,False,200,5.5,5.5,8,8,4,1,2889744,16269,200,276.4229168891907,58.855467495561285,272.70733547210693,59.65736114811634
8000000,2024-02-26_22h34m46s,False,200,5.5,5.5,8,8,5,1,2889744,16269,200,233.5210440158844,69.66823940241275,229.9171371459961,70.76027564517419
8000000,2024-02-26_22h34m46s,False,200,5.5,5.5,8,16,1,1,2889744,16269,200,1316.951388835907,12.35353114618806,1313.2719795703888,12.388142177008971
8000000,2024-02-26_22h34m46s,False,200,5.5,5.5,8,16,2,1,2889744,16269,200,577.8263971805573,28.155515357870225,573.3879907131195,28.37345787407639
8000000,2024-02-26_22h34m46s,False,200,5.5,5.5,8,16,3,1,2889744,16269,200,384.04523849487305,42.362196869724215,380.3640706539154,42.772178697190334
8000000,2024-02-26_22h34m46s,False,200,5.5,5.5,8,16,4,1,2889744,16269,200,298.1132957935333,54.57321169354201,294.5546553134918,55.23253395090651
8000000,2024-02-26_22h34m46s,False,200,5.5,5.5,8,16,5,1,2889744,16269,200,246.0024573802948,66.13348571087556,242.35134100914,67.1298121654975
8000000,2024-02-26_22h34m46s,False,200,5.5,5.5,8,32,1,1,2889744,16269,200,1211.8625807762146,13.424789458867096,1208.2799489498138,13.464594868217691
8000000,2024-02-26_22h34m46s,False,200,5.5,5.5,8,32,2,1,2889744,16269,200,573.1436214447021,28.38555536741616,568.6391162872314,28.610413061668783
8000000,2024-02-26_22h34m46s,False,200,5.5,5.5,8,32,3,1,2889744,16269,200,427.5433745384216,38.052279532022006,423.8750960826874,38.3815896483485
8000000,2024-02-26_22h34m46s,False,200,5.5,5.5,8,32,4,1,2889744,16269,200,298.6583745479584,54.4736106081885,295.03539514541626,55.14253634544892
8000000,2024-02-26_22h34m46s,False,200,5.5,5.5,8,32,5,1,2889744,16269,200,249.6267066001892,65.17331507344282,245.95461177825928,66.14635067167328
8000000,2024-02-26_22h34m46s,False,200,5.5,5.5,8,64,1,1,2889744,16269,200,1198.3509256839752,13.576156742829106,1194.627480983734,13.618471246453367
8000000,2024-02-26_22h34m46s,False,200,5.5,5.5,8,64,2,1,2889744,16269,200,640.4511001110077,25.40240776724427,635.8887374401093,25.58466448941044
8000000,2024-02-26_22h34m46s,False,200,5.5,5.5,8,64,3,1,2889744,16269,200,433.2648932933808,37.54977671127307,429.60452103614807,37.86971319752728
8000000,2024-02-26_22h34m46s,False,200,5.5,5.5,8,64,4,1,2889744,16269,200,344.8651773929596,47.17495724847321,341.24328804016113,47.675662995268326
8000000,2024-02-26_22h34m46s,False,200,5.5,5.5,8,64,5,1,2889744,16269,200,279.4603154659271,58.21577912726424,275.7599022388458,58.99697478826642
8000000,2024-02-26_22h34m46s,False,200,5.5,5.5,16,8,1,1,2889744,16269,200,1006.2538702487946,16.16788812546631,1002.6425499916076,16.226121662337366
8000000,2024-02-26_22h34m46s,False,200,5.5,5.5,16,8,2,1,2889744,16269,200,490.984263420105,33.135481546135864,487.0144534111023,33.405579415662416
8000000,2024-02-26_22h34m46s,False,200,5.5,5.5,16,8,3,1,2889744,16269,200,347.8483657836914,46.7703792810596,344.1742308139801,47.2696632793322
8000000,2024-02-26_22h34m46s,False,200,5.5,5.5,16,8,4,1,2889744,16269,200,277.28737449646,58.67198255796425,273.69858384132385,59.44130134568733
8000000,2024-02-26_22h34m46s,False,200,5.5,5.5,16,8,5,1,2889744,16269,200,239.2582573890686,67.99765315327967,220.3143484592437,73.84448681520905
8000000,2024-02-26_22h34m46s,False,200,5.5,5.5,16,16,1,1,2889744,16269,200,1151.979374408722,14.122648687482284,1148.2658631801603,14.168321572272871
8000000,2024-02-26_22h34m46s,False,200,5.5,5.5,16,16,2,1,2889744,16269,200,576.6795566082001,28.21150813059473,572.2845478057861,28.428165782874053
8000000,2024-02-26_22h34m46s,False,200,5.5,5.5,16,16,3,1,2889744,16269,200,388.4674093723297,41.87996111768245,384.820520401001,42.276851512614094
8000000,2024-02-26_22h34m46s,False,200,5.5,5.5,16,16,4,1,2889744,16269,200,305.64064931869507,53.2291762769949,301.9494614601135,53.87987751767883
8000000,2024-02-26_22h34m46s,False,200,5.5,5.5,16,16,5,1,2889744,16269,200,250.8372633457184,64.85878446846682,247.21901559829712,65.80804458195595
8000000,2024-02-26_22h34m46s,False,200,5.5,5.5,16,32,1,1,2889744,16269,200,1187.465856552124,13.700604451262274,1183.490555047989,13.746624280698477
8000000,2024-02-26_22h34m46s,False,200,5.5,5.5,16,32,2,1,2889744,16269,200,610.5290379524231,26.64738118691711,606.1111791133881,26.84161018742154
8000000,2024-02-26_22h34m46s,False,200,5.5,5.5,16,32,3,1,2889744,16269,200,393.3865821361542,41.35626566533266,389.7702424526215,41.73997454917965
8000000,2024-02-26_22h34m46s,False,200,5.5,5.5,16,32,4,1,2889744,16269,200,308.93344926834106,52.66182745355188,305.2611200809479,53.295355778311546
8000000,2024-02-26_22h34m46s,False,200,5.5,5.5,16,32,5,1,2889744,16269,200,255.9931762218476,63.55247526559474,252.27109003067017,64.4901482687615
8000000,2024-02-26_22h34m46s,False,200,5.5,5.5,16,64,1,1,2889744,16269,200,1452.7396438121796,11.198840803509713,1449.0582041740415,11.22729228759536
8000000,2024-02-26_22h34m46s,False,200,5.5,5.5,16,64,2,1,2889744,16269,200,602.1601247787476,27.01773055128441,597.6895532608032,27.2198165606903
8000000,2024-02-26_22h34m46s,False,200,5.5,5.5,16,64,3,1,2889744,16269,200,435.4262523651123,37.36338797128421,430.96457600593567,37.75020246623687
8000000,2024-02-26_22h34m46s,False,200,5.5,5.5,16,64,4,1,2889744,16269,200,332.9537262916565,48.86264581327704,329.21056485176086,49.41821963497956
8000000,2024-02-26_22h34m46s,False,200,5.5,5.5,16,64,5,1,2889744,16269,200,282.4756326675415,57.59434839162828,278.750919342041,58.36393307114852
8000000,2024-02-26_22h34m46s,False,200,5.5,5.5,32,8,1,1,2889744,16269,200,1162.03533244133,14.00043487991051,1158.2815687656405,14.04580754689689
8000000,2024-02-26_22h34m46s,False,200,5.5,5.5,32,8,2,1,2889744,16269,200,539.1937961578369,30.1728249025284,534.7556190490723,30.423242730820306
8000000,2024-02-26_22h34m46s,False,200,5.5,5.5,32,8,3,1,2889744,16269,200,358.0077614784241,45.44314886586747,354.3609223365784,45.91081853135999
8000000,2024-02-26_22h34m46s,False,200,5.5,5.5,32,8,4,1,2889744,16269,200,266.19668674468994,61.11646316471116,262.5126693248749,61.97415173081096
8000000,2024-02-26_22h34m46s,False,200,5.5,5.5,32,8,5,1,2889744,16269,200,237.633531332016,68.46256043415579,234.01838731765747,69.52017824956803
8000000,2024-02-26_22h34m46s,False,200,5.5,5.5,32,16,1,1,2889744,16269,200,1306.288347005844,12.454371224615398,1302.1865077018738,12.493602033023576
8000000,2024-02-26_22h34m46s,False,200,5.5,5.5,32,16,2,1,2889744,16269,200,617.6303901672363,26.340996587934782,613.1804065704346,26.53215893018137
8000000,2024-02-26_22h34m46s,False,200,5.5,5.5,32,16,3,1,2889744,16269,200,405.272088766098,40.14340106552371,401.658812046051,40.50452650876915
8000000,2024-02-26_22h34m46s,False,200,5.5,5.5,32,16,4,1,2889744,16269,200,302.2395980358124,53.82815523091149,298.5857183933258,54.4868659075278
8000000,2024-02-26_22h34m46s,False,200,5.5,5.5,32,16,5,1,2889744,16269,200,249.3503358364105,65.24555078471394,245.64431166648865,66.22990733890238
8000000,2024-02-26_22h34m46s,False,200,5.5,5.5,32,32,1,1,2889744,16269,200,1240.8384428024292,13.111295909930485,1237.1917881965635,13.149941791737142
8000000,2024-02-26_22h34m46s,False,200,5.5,5.5,32,32,2,1,2889744,16269,200,608.1347692012787,26.752293774236303,603.697815656662,26.948913145070225
8000000,2024-02-26_22h34m46s,False,200,5.5,5.5,32,32,3,1,2889744,16269,200,404.69708585739136,40.20043773117983,400.93073201179504,40.57808170095921
8000000,2024-02-26_22h34m46s,False,200,5.5,5.5,32,32,4,1,2889744,16269,200,313.29183626174927,51.929217799367,309.73469948768616,52.52559699287678
8000000,2024-02-26_22h34m46s,False,200,5.5,5.5,32,32,5,1,2889744,16269,200,272.7275297641754,59.65294377897101,269.0747125148773,60.46276087389846
8000000,2024-02-26_22h34m46s,False,200,5.5,5.5,32,64,1,1,2889744,16269,200,1318.745485305786,12.336724698797813,1315.166139125824,12.370300235081949
8000000,2024-02-26_22h34m46s,False,200,5.5,5.5,32,64,2,1,2889744,16269,200,675.5495011806488,24.082617145844807,670.9813680648804,24.24657490403947
8000000,2024-02-26_22h34m46s,False,200,5.5,5.5,32,64,3,1,2889744,16269,200,466.0818309783936,34.90588759027209,462.4228427410126,35.18208552061456
8000000,2024-02-26_22h34m46s,False,200,5.5,5.5,32,64,4,1,2889744,16269,200,337.0027697086334,48.27556762831916,333.4033172130585,48.79675504129264
8000000,2024-02-26_22h34m46s,False,200,5.5,5.5,32,64,5,1,2889744,16269,200,280.5818793773651,57.98307444551404,276.74822878837585,58.78628409376595
8000000,2024-02-26_22h34m46s,False,200,5.5,5.5,64,8,1,1,2889744,16269,200,1253.4935941696167,12.97892552117706,1249.8700904846191,13.016552779250786
8000000,2024-02-26_22h34m46s,False,200,5.5,5.5,64,8,2,1,2889744,16269,200,526.607673406601,30.893966840165056,522.0787181854248,31.16196740703344
8000000,2024-02-26_22h34m46s,False,200,5.5,5.5,64,8,3,1,2889744,16269,200,353.1031103134155,46.0743605049516,349.4691932201385,46.55345969151504
8000000,2024-02-26_22h34m46s,False,200,5.5,5.5,64,8,4,1,2889744,16269,200,282.08213090896606,57.67469193307517,278.29795026779175,58.45892858479619
8000000,2024-02-26_22h34m46s,False,200,5.5,5.5,64,8,5,1,2889744,16269,200,246.1495337486267,66.09397040993082,227.15266036987305,71.62143720222849
8000000,2024-02-26_22h34m46s,False,200,5.5,5.5,64,16,1,1,2889744,16269,200,1335.1066462993622,12.185543413400184,1331.4193925857544,12.219290248134298
8000000,2024-02-26_22h34m46s,False,200,5.5,5.5,64,16,2,1,2889744,16269,200,586.6047067642212,27.734179102894807,582.2993068695068,27.939239851518284
8000000,2024-02-26_22h34m46s,False,200,5.5,5.5,64,16,3,1,2889744,16269,200,399.0258114337921,40.77179854992768,395.4338757991791,41.14215042178684
8000000,2024-02-26_22h34m46s,False,200,5.5,5.5,64,16,4,1,2889744,16269,200,301.191769361496,54.01542025696474,297.57454681396484,54.67201470753114
8000000,2024-02-26_22h34m46s,False,200,5.5,5.5,64,16,5,1,2889744,16269,200,253.33166790008545,64.22015903047908,249.61262226104736,65.17699246388958
8000000,2024-02-26_22h34m46s,False,200,5.5,5.5,64,32,1,1,2889744,16269,200,1329.7543597221377,12.23459045729283,1326.1849102973938,12.267520067282108
8000000,2024-02-26_22h34m46s,False,200,5.5,5.5,64,32,2,1,2889744,16269,200,617.6531095504761,26.340027676441995,613.1507904529572,26.53344047388651
8000000,2024-02-26_22h34m46s,False,200,5.5,5.5,64,32,3,1,2889744,16269,200,423.0571982860565,38.45579289493491,419.438264131546,38.78759138412238
8000000,2024-02-26_22h34m46s,False,200,5.5,5.5,64,32,4,1,2889744,16269,200,310.6592683792114,52.3692728849827,307.021222114563,52.98982229290107
8000000,2024-02-26_22h34m46s,False,200,5.5,5.5,64,32,5,1,2889744,16269,200,259.0561046600342,62.80106782795262,255.3105523586273,63.72239552851465
8000000,2024-02-26_22h34m46s,False,200,5.5,5.5,64,64,1,1,2889744,16269,200,1408.532123088837,11.550322305978328,1404.5178472995758,11.583334474018908
8000000,2024-02-26_22h34m46s,False,200,5.5,5.5,64,64,2,1,2889744,16269,200,626.5658135414124,25.96534896796554,622.1339950561523,26.150315091737752
8000000,2024-02-26_22h34m46s,False,200,5.5,5.5,64,64,3,1,2889744,16269,200,449.5015993118286,36.19341961164827,445.95998978614807,36.48085113599877
8000000,2024-02-26_22h34m46s,False,200,5.5,5.5,64,64,4,1,2889744,16269,200,335.9582951068878,48.42565353185844,332.24814558029175,48.96641325592712
08000000,2024-02-26_22h34m46s,False,200,5.5,5.5,64,64,5,1,2889744,16269,200,289.89145064353943,56.121006548775135,286.304723739624,56.82407117667965
